id,programRuleActionType,content,data,location,templateUid,programRule,dataElement,trackedEntityAttribute,programStageSection,programStage,programIndicator,optionGroup,option,sharing
A9afHrhi9fc,SETMANDATORYFIELD,,,,,AxIMYACoLEM,KKojgJK2Iqy,,,,,,,
AHZfr5wVGIK,HIDEFIELD,,,,,ehrBTKxrBMo,U1r2eFwG4GP,,,,,,,
ALLSyDKLxIm,SHOWERROR,"For transferred or re-admitted patients an infection is only considered a nosocomial infection if the day of symptom onset is greater than or equal to day 3 of the patient’s  hospital stay, where the day of admission is regarded as day 1. Please see chapter 3.4 of the NeoIPC Surveillance Protocol for the rules.",,,,hGpXJ1WuHVJ,HpyUpoaGumw,,,,,,,
AQ9RLe104c1,SETMANDATORYFIELD,,,,,PgFrOplybwB,ZE5CrBaKy3f,,,,,,,
AU7KfzR1meq,ASSIGN,#{NeoIPC BSI IT ratio count},expressions/programRules/NeoIPC BSI IT ratio set count/AU7KfzR1meq.data.dhis2,,,QWVCLlCyWO4,,,,,,,,
AV45OwvrjqE,ASSIGN,#{NeoIPC SSI Pathogen 3 may be MRSA},expressions/programRules/NeoIPC SSI Pathogen 3 - set MRSA/AV45OwvrjqE.data.dhis2,,,Pny8RroAT1Q,,,,,,,,
AX0QQDiqHmo,HIDEFIELD,,,,,Kx9oshdXXxU,wlGi1qr9xYX,,,,,,,
AcoAenZwv1n,ASSIGN,#{NeoIPC BSI Pathogen 3 is recognized pathogen},expressions/programRules/NeoIPC BSI Pathogen 3 - set recognized pathogen/AcoAenZwv1n.data.dhis2,,,kKcgY8MDKig,,,,,,,,
AevkPBQZocQ,HIDEFIELD,,,,,rvvnet33GfB,PodwECDyBas,,,,,,,
AfjB0EvHDbc,HIDEFIELD,,,,,cwQyLvLkepH,fpFM0gQg4xc,,,,,,,
AhmDEsFbA7B,ASSIGN,#{NeoIPC NEC Imaging Clinical findings criterion fulfilled},expressions/programRules/NeoIPC NEC Imaging Clinical findings criterion fulfilled - assign true/AhmDEsFbA7B.data.dhis2,,,fEFavPgMtEQ,,,,,,,,
AmIt3EmWKRI,ASSIGN,#{NeoIPC SSI Secondary BSI pathogen 3 may be 3GCR},expressions/programRules/NeoIPC SSI Secondary BSI pathogen 3 - set 3GCR/AmIt3EmWKRI.data.dhis2,,,C6HrrVKKZIm,,,,,,,,
ArjIr2ZO6Xr,HIDEFIELD,,,,,fBSwUxJ5JpU,gHkAMS4qCJV,,,,,,,
Asfbt9in5MF,HIDEFIELD,,,,,uitFTLJmYup,wfe6ZTkZ3Co,,,,,,,
AtoLBnKzp6x,SHOWERROR,The day of life must be greater than 1 for admissions that happend on the day after birth or later.,,,,AxnwOtNl5bH,rvq4L9wWbwW,,,,,,,
B1Kox9MiOx5,HIDEFIELD,,,,,pYSYYvJjxgJ,gGY64LFTCHE,,,,,,,
BDncuOltyEP,ASSIGN,,expressions/programRules/NeoIPC SSI Set Length of Stay/BDncuOltyEP.data.dhis2,,,m2CoPEtzZpU,LCX6yQP1K3D,,,,,,,
BGS7WqIrkhg,HIDEFIELD,,,,,uitFTLJmYup,PodwECDyBas,,,,,,,
BIkYE9M9ImW,ASSIGN,#{NeoIPC SSI Secondary BSI pathogen 1 may be MRSA},expressions/programRules/NeoIPC SSI Secondary BSI pathogen 1 - set MRSA/BIkYE9M9ImW.data.dhis2,,,krNBeZV4Pfw,,,,,,,,
BMBhylDFVuj,HIDEFIELD,,,,,b06q6chKE30,ljbFGymMZzt,,,,,,,
BNg5UKhJ0Iw,HIDEFIELD,,,,,b06q6chKE30,KGjHtWcPkP9,,,,,,,
BQB3pJfBIJA,HIDEFIELD,,,,,owsPItE6rZm,UlbATrOcR61,,,,,,,
BSOFnPs4MIE,HIDEFIELD,,,,,cwQyLvLkepH,v8zVGK2XmtI,,,,,,,
BThYpmhoaky,SHOWWARNING,Implausible birth weight.,,,,KqNiD014l94,,ZbL9VmLRB6D,,,,,,
BVLjKsKxgmA,DISPLAYKEYVALUEPAIR,Clinical/laboratory criteria fulfilled,expressions/programRules/NeoIPC HAP - display feedback/BVLjKsKxgmA.data.dhis2,feedback,,rb0tjhQtZF2,,,,,,,,
BXpXjk9mKRe,ERRORONCOMPLETE,"The definition for LCBSI caused by common commensals is not met. ",expressions/programRules/NeoIPC BSI LCBSI with common commensal detected only once and no antibiotic treatment validation rule/BXpXjk9mKRe.data.dhis2,,,auj12Ai26xP,,,,,,,,
BcRripMjq6s,SETMANDATORYFIELD,,,,,iCp3WSqqQcX,fJ7RYtpawpg,,,,,,,
BfkYxBp7fJP,HIDEFIELD,,,,,jhW8xHnD8YD,rmBJQ8KTYO5,,,,,,,
BqEaYndWPI7,HIDEFIELD,,,,,VNkKNmjMHYG,ApLGHjC5unQ,,,,,,,
Brz79iM3TLB,SHOWERROR,"Invalid input format. Use 'ww+d', where 'ww' is full weeks of pregnancy in the range from 20-49 and 'd' is additional days (incomplete weeks) in the range from 0-6.",,,,WEHHU9Qug9F,,qLGOhTzMVyY,,,,,,
C1P2LCuXAJ8,HIDEFIELD,,,,,DYC79CwhIs1,g1LlkfHwHsY,,,,,,,
C24AaRjtqB0,HIDEFIELD,,,,,cnyYkKWdFSV,XThKNkDmKsO,,,,,,,
C5QhKomlsnq,HIDEFIELD,,,,,b06q6chKE30,ydy9VLkNavJ,,,,,,,
C8iUl98U8Rq,HIDEFIELD,,,,,r3XnM9rrULQ,HztFtyHuX7f,,,,,,,
C8o4xjHQY3C,SETMANDATORYFIELD,,,,,Iibb3KmWouS,CUlXZ8ETgJB,,,,,,,
CD8gvLGu8bX,SENDMESSAGE,,,,boFOiRidXJR,PBst4DkKze8,,,,,,,,
CEWMqYSCzuU,HIDEFIELD,,,,,gMA9lLHPwW0,A3E5ORnXeDq,,,,,,,
CFCa1hRNVQS,SETMANDATORYFIELD,,,,,OMXiDG45evd,miQ7lC4ByMv,,,,,,,
CH7nvJWv0ar,DISPLAYKEYVALUEPAIR,Clinical findings count,expressions/programRules/NeoIPC NEC - display feedback/CH7nvJWv0ar.data.dhis2,feedback,,KSOwPDUcO26,,,,,,,,
CIR1g1vW48U,SETMANDATORYFIELD,,,,,BAkqK83e20L,pPsXwlpMj1s,,,,,,,
CNiu6bBzBGH,SETMANDATORYFIELD,,,,,zHZuZQtuLaC,FKxg1geQ63L,,,,,,,
COO17odEi9Z,ASSIGN,#{NeoIPC NEC Abdominal distension uint value},expressions/programRules/NeoIPC NEC Abdominal distension value - true/COO17odEi9Z.data.dhis2,,,aMc3Xe08gpD,,,,,,,,
CWICMZ8dpmN,SETMANDATORYFIELD,,,,,D5nj8NIKJol,IhFtEkm3sE1,,,,,,,
CZV4H02SxDT,HIDEFIELD,,,,,uitFTLJmYup,TeH2t8tpUec,,,,,,,
CZYdpjNPXfy,SETMANDATORYFIELD,,,,,I0xIAHPH7Ko,w1KkLwqzTtO,,,,,,,
CeWZrSDK5KW,ASSIGN,#{NeoIPC NEC Secondary BSI pathogen 1 may be colistin-resistant},expressions/programRules/NeoIPC NEC Secondary BSI pathogen 1 - set colistin-resistant/CeWZrSDK5KW.data.dhis2,,,NJ4F1BULPOh,,,,,,,,
Cla3O8Aj07N,SENDMESSAGE,,,,jzT0S4O0z0g,BYoTioivN0t,,,,,,,,
CqReqLuy5A8,ASSIGN,#{NeoIPC HAP Secondary BSI pathogen 1 may be carbapenem-resistant},expressions/programRules/NeoIPC HAP Secondary BSI pathogen 1 - set carbapenem-resistant/CqReqLuy5A8.data.dhis2,,,e5iOnai5QDJ,,,,,,,,
CsL48LYadao,SETMANDATORYFIELD,,,,,Enm5IYaXJ1v,lWflhXvq2ky,,,,,,,
CuzVgnVBzhs,ASSIGN,#{NeoIPC SSI Pathogen 2 may be VRE},expressions/programRules/NeoIPC SSI Pathogen 2 - set VRE/CuzVgnVBzhs.data.dhis2,,,u4zPEvRG278,,,,,,,,
CyGus8VjYOK,SETMANDATORYFIELD,,,,,SmMX5c9yU3W,s09IPGLg9gK,,,,,,,
D0pwZ3102xN,HIDEFIELD,,,,,nfNT3wdLjN2,bIMRQhQt4ia,,,,,,,
D5ADpomLswl,HIDEFIELD,,,,,uitFTLJmYup,xJhCntfsvOT,,,,,,,
D5dvZUnR1Au,ASSIGN,#{NeoIPC NEC Secondary BSI pathogen 2 may be VRE},expressions/programRules/NeoIPC NEC Secondary BSI pathogen 2 - set VRE/D5dvZUnR1Au.data.dhis2,,,F4feDi7vbTM,,,,,,,,
D8RA8PvO47R,HIDEFIELD,,,,,ehrBTKxrBMo,begrGxBPmKh,,,,,,,
D9QbK49K6pv,ASSIGN,#{NeoIPC BSI Pathogen 1 may be colistin-resistant},expressions/programRules/NeoIPC BSI Pathogen 1 - set colistin-resistant/D9QbK49K6pv.data.dhis2,,,lPN7RCSG0Nk,,,,,,,,
DB7uiPrt0zP,ASSIGN,#{NeoIPC SSI Secondary BSI pathogen 1 may be 3GCR},expressions/programRules/NeoIPC SSI Secondary BSI pathogen 1 - set 3GCR/DB7uiPrt0zP.data.dhis2,,,S5xH2hF9tkA,,,,,,,,
DEoDcJkcNUx,ASSIGN,#{NeoIPC HAP Secondary BSI pathogen 1 may be MRSA},expressions/programRules/NeoIPC HAP Secondary BSI pathogen 1 - set MRSA/DEoDcJkcNUx.data.dhis2,,,jBQAFMp5LX3,,,,,,,,
DKO8EXoSJGw,HIDEFIELD,,,,,DYC79CwhIs1,HKVzlJtMrqG,,,,,,,
DOE6Ger9UMk,HIDEFIELD,,,,,Tg3jSTfKWHY,ztZ4Xwz7TJZ,,,,,,,
DRoxzZ6jPMW,HIDEFIELD,,,,,raKaKdTj4xa,KGjHtWcPkP9,,,,,,,
DSXZeVHWsc1,HIDEFIELD,,,,,raKaKdTj4xa,qlMs9xUMEok,,,,,,,
DT7sZJJGU6R,HIDEFIELD,,,,,cnyYkKWdFSV,JIR3JNfjMdz,,,,,,,
DT89VAqmHxE,HIDEFIELD,,,,,kPbn68Flmoh,sOb9CDCoAif,,,,,,,
DaO14e1QbfG,SENDMESSAGE,,,,vWOak3a5wCP,cOrBBDnVH3z,,,,,,,,
DbpJzwRsvr6,HIDEFIELD,,,,,ehrBTKxrBMo,g1LlkfHwHsY,,,,,,,
DhGIW9qRq4H,SETMANDATORYFIELD,,,,,BmCN9OPZk28,D8AJuofgF06,,,,,,,
Dq3CeA9CzmH,HIDEFIELD,,,,,NlkUOf4Tag2,wfe6ZTkZ3Co,,,,,,,
DulEHHnQqfY,SETMANDATORYFIELD,,,,,XU9Xwpz6RoY,B1mZglttyWR,,,,,,,
Dw5vsR9wq9c,HIDEFIELD,,,,,uitFTLJmYup,zXmDLl7evqF,,,,,,,
DxlcgXAy8Hs,HIDEFIELD,,,,,nMoFaXHQS1y,Xxfb1GNXkvq,,,,,,,
DySKQAkH3RJ,ASSIGN,#{NeoIPC SSI Pathogen 3 may be colistin-resistant},expressions/programRules/NeoIPC SSI Pathogen 3 - set colistin-resistant/DySKQAkH3RJ.data.dhis2,,,VQzAwIgZPxM,,,,,,,,
Dz1FOJlqlb6,SETMANDATORYFIELD,,,,,QfGHfrDwh1O,QSJW6kNk6pg,,,,,,,
E5Kt4hxBfSJ,HIDEFIELD,,,,,r3XnM9rrULQ,l9AarKAD8qi,,,,,,,
EA2FETf6og6,ASSIGN,#{NeoIPC BSI Interleukin count},expressions/programRules/NeoIPC BSI Interleukin set count/EA2FETf6og6.data.dhis2,,,JkaN4BaXIpW,,,,,,,,
EBquGZbiuik,ASSIGN,#{NeoIPC HAP Virus detected},expressions/programRules/NeoIPC HAP Virus detected - infer false/EBquGZbiuik.data.dhis2,,,SW9WglzhsId,,,,,,,,
EFgmsk9yKuY,ASSIGN,#{NeoIPC NEC Secondary BSI pathogen 3 may be MRSA},expressions/programRules/NeoIPC NEC Secondary BSI pathogen 3 - set MRSA/EFgmsk9yKuY.data.dhis2,,,ugiNCCQr1bB,,,,,,,,
EK1zr5wNvR4,ERRORONCOMPLETE,The the pneumonia definition criteria are not fulfilled.,,,,fGBzfFalTNS,,,,,,,,
EaNiPgX7X4X,SENDMESSAGE,,,,rdnP1zDi9Ic,mzWTkqqUcri,,,,,,,,
EdERvuGqiXo,ASSIGN,#{NeoIPC SSI Pathogen 2 may be carbapenem-resistant},expressions/programRules/NeoIPC SSI Pathogen 2 - set carbapenem-resistant/EdERvuGqiXo.data.dhis2,,,BibKmiXaWmq,,,,,,,,
EgXcXWvtpfX,SETMANDATORYFIELD,,,,,FfWfL4tQBQh,T6TynP10m5Q,,,,,,,
EhGlIInbvq0,HIDEFIELD,,,,,DYC79CwhIs1,TsgwL95UcPF,,,,,,,
Eht3RlG8Fi5,HIDEFIELD,,,,,kpGvExoaToz,tvGZ44rx0q1,,,,,,,
EkaiavA2iLK,HIDEFIELD,,,,,bBy2KAwRXCW,XhcAt9NTFuG,,,,,,,
ErF5wkkv0W3,SETMANDATORYFIELD,,,,,iaeQnNQoInJ,hsF5jqkXCKW,,,,,,,
F21xpzbjFFq,HIDEFIELD,,,,,raKaKdTj4xa,PvLENjS8Afi,,,,,,,
F2gpJqEzr3S,HIDEFIELD,,,,,kPbn68Flmoh,OBC5BfcUwyg,,,,,,,
FF6FxrX90HU,ASSIGN,#{NeoIPC HAP Pathogen 1 may be MRSA},expressions/programRules/NeoIPC HAP Pathogen 1 - set MRSA/FF6FxrX90HU.data.dhis2,,,O5HjzYnpzr3,,,,,,,,
FLwS2raRbTg,HIDEFIELD,,,,,DYC79CwhIs1,mwbe730vMBu,,,,,,,
FUUE7FgsSua,HIDEFIELD,,,,,H5BfL3DVGbQ,N36tBx8ZMt6,,,,,,,
FVHNMY64Lmk,ASSIGN,,expressions/programRules/NeoIPC BSI Set Day of life/FVHNMY64Lmk.data.dhis2,,,SdLm0Qp8IDS,tj1LewUMIT5,,,,,,,
FX4IT62CA1T,HIDEFIELD,,,,,jhW8xHnD8YD,JOTOTIisCmU,,,,,,,
FZ3kcGyokUb,SHOWERROR,"The admission date in the enrollment and the admission event must be the same. The enrollment admission date is: ",expressions/programRules/NeoIPC Admission Date must match enrollment admission date/FZ3kcGyokUb.data.dhis2,,,kuQVuXXgPk0,,,,,,,,
FccVFkLn2yH,HIDEFIELD,,,,,nfNT3wdLjN2,iStHC3Ope8B,,,,,,,
FeASCUKx8aU,ASSIGN,#{NeoIPC SSI Secondary BSI pathogen 2 may be carbapenem-resistant},expressions/programRules/NeoIPC SSI Secondary BSI pathogen 2 - set carbapenem-resistant/FeASCUKx8aU.data.dhis2,,,f9OzOYmu50Q,,,,,,,,
FjG1PEzwLfV,SENDMESSAGE,,,,FQmjcc9W6iU,RSsNtCsCnwX,,,,,,,,
FpdFXbFlkT2,HIDEFIELD,,,,,q1wLX3xlqdB,ijekJ6XPx9C,,,,,,,
FqepHLG9rVE,HIDEFIELD,,,,,uitFTLJmYup,UDhuURrXmmX,,,,,,,
G74fegeyI6o,SETMANDATORYFIELD,,,,,J6Fz6SH4Q6a,UptqkgrbXy6,,,,,,,
GEYq8CT5QAq,SETMANDATORYFIELD,,,,,uHpxu4hJxgR,V4cZc41FDMf,,,,,,,
GMHpyHRHTGq,SETMANDATORYFIELD,,,,,Uwii0VD2mfr,tmLmPAMJ2XB,,,,,,,
GQDcMlbnAD6,HIDEFIELD,,,,,nMoFaXHQS1y,miQ7lC4ByMv,,,,,,,
GQM2QjT9xtu,HIDEFIELD,,,,,SjhRrBVSCNm,JOTOTIisCmU,,,,,,,
GZwhDcoYKPL,SETMANDATORYFIELD,,,,,ZsfGbYEsVwL,QWaa7sH9jIp,,,,,,,
GjNS5mEeGT0,ASSIGN,#{NeoIPC HAP Laboratory findings uint value},expressions/programRules/NeoIPC HAP Laboratory findings value - true/GjNS5mEeGT0.data.dhis2,,,aCZ3BVUt88I,,,,,,,,
Gl0z95P3NaI,ASSIGN,#{NeoIPC NEC Bilious gastric aspirate uint value},expressions/programRules/NeoIPC NEC Bilious gastric aspirate value - true/Gl0z95P3NaI.data.dhis2,,,xdOsdJ0vWkH,,,,,,,,
GmnZh9TgY5d,ASSIGN,#{NeoIPC NEC Imaging Clinical findings criterion fulfilled},expressions/programRules/NeoIPC NEC Imaging Clinical findings criterion fulfilled - assign false/GmnZh9TgY5d.data.dhis2,,,Gpl5WOc3KR6,,,,,,,,
GuxMVH4PYb7,HIDEFIELD,,,,,jhW8xHnD8YD,ZmlQ283oucZ,,,,,,,
GwEKOKvrUE1,SETMANDATORYFIELD,,,,,YiexRcaikqt,XThKNkDmKsO,,,,,,,
Gwus14axCVr,SETMANDATORYFIELD,,,,,ZHmf4zmONms,ztZ4Xwz7TJZ,,,,,,,
GxuG7K4Pmc9,ASSIGN,#{NeoIPC BSI Procalcitonin count},expressions/programRules/NeoIPC BSI Procalcitonin set count/GxuG7K4Pmc9.data.dhis2,,,EBZOuGuaulx,,,,,,,,
H1MIv9lCa4T,HIDEFIELD,,,,,jSnwRSXjKUd,UptqkgrbXy6,,,,,,,
H1W4h5BKCm9,ASSIGN,#{NeoIPC BSI Temperature count},expressions/programRules/NeoIPC BSI Temperature set count/H1W4h5BKCm9.data.dhis2,,,uz9nfbom5PM,,,,,,,,
HEm8QLFxBPT,HIDESECTION,,,,,kkDGNkYQe9t,,,in5ueev9PqV,,,,,
HRjgRduTy7p,HIDEFIELD,,,,,cM8Zyu6A65O,TGvIcZhfY4h,,,,,,,
HYIK3D1vl5P,HIDEFIELD,,,,,qhLnK0Srgfo,kdhNnCUYk6P,,,,,,,
HaUDUUJSVAg,HIDEFIELD,,,,,cnvUQb5kCVU,sVjCgMgfnKQ,,,,,,,
Hcke6Yp6sWK,HIDEFIELD,,,,,uitFTLJmYup,yq1kfbsLGiO,,,,,,,
Hk3pivri2QS,HIDEFIELD,,,,,Ml0imzKE3Ob,jlRAgmCOuTI,,,,,,,
Hl1iYPpUAj9,SENDMESSAGE,,,,SXMwSqQKZcW,LpLUO0ByiIO,,,,,,,,
HpOvq7mOlso,SETMANDATORYFIELD,,,,,XaArgXElGyZ,D6z0jmhQnm5,,,,,,,
HtE65KphQzp,HIDEFIELD,,,,,uoAfLEGhdP2,fMcSb5NQ1cH,,,,,,,
HxBXUZ2LmOF,ASSIGN,#{NeoIPC Patient Gestation days},expressions/programRules/NeoIPC Patient Assign gestation days and weeks/HxBXUZ2LmOF.data.dhis2,,,DiT08PWJdBc,,,,,,,,
HxmFVWuZXqd,HIDEFIELD,,,,,r3XnM9rrULQ,D6z0jmhQnm5,,,,,,,
I7OwhPqj9o8,HIDEFIELD,,,,,HOuypCzDdGB,U1r2eFwG4GP,,,,,,,
IA0busZ2Alv,HIDEFIELD,,,,,nfNT3wdLjN2,Cl0jt4EHzvY,,,,,,,
ICJnLII2NRd,SETMANDATORYFIELD,,,,,zS1QzifzZJO,ZpwYoMtJea3,,,,,,,
IFm9cCYyLen,HIDEFIELD,,,,,ehrBTKxrBMo,acADmWAqwcP,,,,,,,
II5EoCuhDy1,HIDEFIELD,,,,,gXSEz5Rg7xJ,QWaa7sH9jIp,,,,,,,
IKDupkxAYAq,SETMANDATORYFIELD,,,,,V4HZIVQW6sd,tvGZ44rx0q1,,,,,,,
IMoO0QYQVtQ,HIDEFIELD,,,,,r3XnM9rrULQ,vjSwdgu8l9s,,,,,,,
IQMVixKHIp8,HIDEFIELD,,,,,uitFTLJmYup,fMcSb5NQ1cH,,,,,,,
IXdacgeUymt,HIDEFIELD,,,,,cMosm1AJvp4,aMGLdSqblVP,,,,,,,
IZA8MT8DgTo,SHOWERROR,"To enroll the infant in NeoIPC core, the birth weight must be less than 1500 grams or the gestational age must be less than 32 weeks.",,,,H90Xs7KvX2P,,ZbL9VmLRB6D,,,,,,
Ic83UqfEVan,HIDEFIELD,,,,,Qp5fvIZoDOx,YN4JnSouiXn,,,,,,,
IhrbU4oVOUo,ASSIGN,,expressions/programRules/NeoIPC HAP Set Day of life/IhrbU4oVOUo.data.dhis2,,,S2v2jluLwkf,boPV9RWoanT,,,,,,,
Inbw2UwKdpo,HIDEFIELD,,,,,uitFTLJmYup,HkACxREEfaT,,,,,,,
IrI7A3ZOLce,SETMANDATORYFIELD,,,,,XEqdnbTviBa,k4Yid4UsNLg,,,,,,,
J0E7p8PvWI4,HIDEFIELD,,,,,Z78OvS4DNd0,b8MqWU4ekHD,,,,,,,
J85p3VaEEfg,HIDEFIELD,,,,,X3cZ1kDSW71,TKuYdRqfqC4,,,,,,,
J8jWHNUnvKs,ASSIGN,#{NeoIPC BSI Pathogen 2 is recognized pathogen},expressions/programRules/NeoIPC BSI Pathogen 2 - set recognized pathogen/J8jWHNUnvKs.data.dhis2,,,EiVURNCrBhP,,,,,,,,
JEubUEqnobg,HIDEFIELD,,,,,jhW8xHnD8YD,EEW3ftnfLsb,,,,,,,
JI9qa1HYm0F,SHOWERROR,Human milk days must be less than or equal to patient days,,,,cqCLw4GQP4L,vlFLj6rwVgf,,,,,,,
JJq9QisjHQP,SETMANDATORYFIELD,,,,,veOW1SyAYX0,aeua6ZD9pb7,,,,,,,
JKSnC6C8tn0,ASSIGN,,expressions/programRules/NeoIPC BSI Set Length of Stay/JKSnC6C8tn0.data.dhis2,,,YL8YY0dj2AO,HpyUpoaGumw,,,,,,,
JOD0L19eFyo,HIDEFIELD,,,,,rvvnet33GfB,yq1kfbsLGiO,,,,,,,
JT8JlZCppls,ASSIGN,#{NeoIPC SSI Secondary BSI pathogen 2 may be colistin-resistant},expressions/programRules/NeoIPC SSI Secondary BSI pathogen 2 - set colistin-resistant/JT8JlZCppls.data.dhis2,,,zdQiHR2bxE8,,,,,,,,
JWZ4rYXZQN3,HIDEFIELD,,,,,b06q6chKE30,nvEHBVmPZpF,,,,,,,
JbaukVydfAi,ERRORONCOMPLETE,"The definition for clinical sepsis is not met. ",expressions/programRules/NeoIPC BSI Clinical sepsis validation rule/JbaukVydfAi.data.dhis2,,,g5S6YG3r5c7,,,,,,,,
JjWh7FVcCQn,HIDEFIELD,,,,,IW0h5dLR7Xj,S7Dulo4dt8O,,,,,,,
JmBnUWvszBi,ASSIGN,#{NeoIPC NEC Fixed bowel loop uint value},expressions/programRules/NeoIPC NEC Fixed bowel loop value - true/JmBnUWvszBi.data.dhis2,,,vOiD4m07V8h,,,,,,,,
Jn6lZgdzVok,SHOWERROR,The sum of NIV days and INV days must be less than or equal to patient days,,,,SvfLyQgSSrC,mRAdPplmm5a,,,,,,,
JsOCNg1xiuf,ERRORONCOMPLETE,"The definition for deep incisional SSI is not met. ",,,,kh6vV560ykk,,,,,,,,
K1mkXV1Fzo3,HIDEFIELD,,,,,ZB0sOGoZLln,WLSUlJPMueQ,,,,,,,
K3P7pkqFe0b,ASSIGN,#{NeoIPC HAP Respiratory distress uint value},expressions/programRules/NeoIPC HAP Respiratory distress value - true/K3P7pkqFe0b.data.dhis2,,,FG7FJmg1H0g,,,,,,,,
K8mjcGj1oqH,SENDMESSAGE,,,,DX5Ajjcp4Uk,NcsonLkQwsd,,,,,,,,
KByZx9tgjKU,SETMANDATORYFIELD,,,,,D6LvTV0dhHT,ADhrdzYPCo2,,,,,,,
KF1axzDxUW2,SETMANDATORYFIELD,,,,,n3sHLYhAywW,HKVzlJtMrqG,,,,,,,
KHI3Jh0zJp1,HIDEFIELD,,,,,cwQyLvLkepH,lWflhXvq2ky,,,,,,,
KHwE39XoTJN,HIDEFIELD,,,,,mB0R7YaBDyY,EnGuyxsI9P7,,,,,,,
KM7gWLuqCsE,SETMANDATORYFIELD,,,,,p8yTfzunjjt,TKuYdRqfqC4,,,,,,,
KZgPjhVlehZ,SETMANDATORYFIELD,,,,,O2sWAGDqp3N,hZVH5YCOF47,,,,,,,
KbU7nUWsM0x,HIDEFIELD,,,,,eow6tldDCE7,o8dpLIbHZPX,,,,,,,
Kg8IkOLUz8V,HIDEFIELD,,,,,WPoT6UZzPqe,u0tZWVB3f3y,,,,,,,
KgqDKoWjWDu,SETMANDATORYFIELD,,,,,vwdyUD01ezo,eOJozPvY3My,,,,,,,
KjelqsbfX4R,ASSIGN,#{NeoIPC BSI Pathogen 2 may be 3GCR},expressions/programRules/NeoIPC BSI Pathogen 2 - set 3GCR/KjelqsbfX4R.data.dhis2,,,uV1mjdX6xno,,,,,,,,
KkZEUCLaFA5,HIDEFIELD,,,,,DYC79CwhIs1,N36tBx8ZMt6,,,,,,,
Kl5TtQ70kjW,HIDEFIELD,,,,,jhW8xHnD8YD,hZVH5YCOF47,,,,,,,
KsygiciFSXM,HIDEFIELD,,,,,cnyYkKWdFSV,IhFtEkm3sE1,,,,,,,
L1prOMHUg0c,HIDEFIELD,,,,,ehrBTKxrBMo,wYnfg9LtR1b,,,,,,,
L5vBZt0teUA,HIDEFIELD,,,,,DYC79CwhIs1,begrGxBPmKh,,,,,,,
L7fYDcRuvOS,ASSIGN,#{NeoIPC BSI Common sepsis total findings count},expressions/programRules/NeoIPC BSI Assign total common finding counts/L7fYDcRuvOS.data.dhis2,,,B8PvnPoxbZX,,,,,,,,
LAbKFCbGAvW,HIDEFIELD,,,,,pi84DUIDjPG,asaXrcFOqqf,,,,,,,
LFLf3RbOVqN,ASSIGN,#{NeoIPC NEC Portal venous gas uint value},expressions/programRules/NeoIPC NEC Portal venous gas value - true/LFLf3RbOVqN.data.dhis2,,,g9afRtOSERN,,,,,,,,
LPhwlzhfRFJ,HIDEFIELD,,,,,Ec3hhVfPzEl,fK8yWzyLp4I,,,,,,,
LUx4O2QkEgP,HIDEFIELD,,,,,nfNT3wdLjN2,OBC5BfcUwyg,,,,,,,
LYWf883rb1v,ASSIGN,#{NeoIPC BSI Pathogen 3 may be MRSA},expressions/programRules/NeoIPC BSI Pathogen 3 - set MRSA/LYWf883rb1v.data.dhis2,,,QP6StGDmOqH,,,,,,,,
LbISXzg0Rno,HIDEFIELD,,,,,IJszYn4MIEb,JIR3JNfjMdz,,,,,,,
LdzQeKeU1zs,ASSIGN,#{NeoIPC HAP Pathogen 2 may be VRE},expressions/programRules/NeoIPC HAP Pathogen 2 - set VRE/LdzQeKeU1zs.data.dhis2,,,wJEuS2Dn3m9,,,,,,,,
LkDsSs5veAL,SETMANDATORYFIELD,,,,,h4J3VteNTZy,JIR3JNfjMdz,,,,,,,
LpAedkkFnJK,HIDEFIELD,,,,,cnyYkKWdFSV,WStwnGV1si8,,,,,,,
LpiCadiGiPa,HIDEFIELD,,,,,cwQyLvLkepH,rp3SK7xGfq9,,,,,,,
LwlbbVZCbDL,HIDEFIELD,,,,,ZB0sOGoZLln,g1LlkfHwHsY,,,,,,,
LxZjC1DqIx5,SETMANDATORYFIELD,,,,,WA8cd2rwQln,ijekJ6XPx9C,,,,,,,
M3qggI3o4XQ,HIDEFIELD,,,,,ctLUbjkIswq,VJwXpWNnhfK,,,,,,,
M560cpmH1Zy,SETMANDATORYFIELD,,,,,B8XRcyZyHNF,n5wJQGsAUvB,,,,,,,
M77VfLzMVP6,ASSIGN,#{NeoIPC HAP Respiratory support criterion fulfilled},expressions/programRules/NeoIPC HAP Respiratory support criterion fulfilled - assign true/M77VfLzMVP6.data.dhis2,,,aHKyMUBufZd,,,,,,,,
M8Vj2lVICWr,SETMANDATORYFIELD,,,,,wBowZFcSt8d,S7Dulo4dt8O,,,,,,,
MBgKgmFSmAX,HIDEFIELD,,,,,OlJguEBeSge,iStHC3Ope8B,,,,,,,
MH7lvEeKfa8,HIDEFIELD,,,,,KkQyO4vvJOC,XThKNkDmKsO,,,,,,,
MHcnNmAq370,HIDEFIELD,,,,,BZxr9Ka5NPA,zXmDLl7evqF,,,,,,,
Mg61MMbicgB,HIDEFIELD,,,,,kPbn68Flmoh,TsoCuWLh71j,,,,,,,
MhzqRjkwpD8,HIDEFIELD,,,,,N1mzlOsxsac,ZHSjP6lwIKT,,,,,,,
MisbITUyskB,HIDEFIELD,,,,,gjoR1s5NZuF,bKcuBeH9kER,,,,,,,
MjqgJPFlDJW,SETMANDATORYFIELD,,,,,r4HG3BOSGWB,OBC5BfcUwyg,,,,,,,
MkrGQbPBAqk,SETMANDATORYFIELD,,,,,zgsCxuwRN6E,EnGuyxsI9P7,,,,,,,
MmWM3i0Cxeh,SENDMESSAGE,,,,aueIHVGchGS,wi0btXvKwbF,,,,,,,,
MoO5KxaM646,ASSIGN,#{NeoIPC HAP Pathogen 1 is virus},expressions/programRules/NeoIPC HAP - set virus/MoO5KxaM646.data.dhis2,,,LZQHeUvyjfJ,,,,,,,,
MoPAR39Dtto,SENDMESSAGE,,,,LCdmHuYIirI,wavenklWWWL,,,,,,,,
Mrbk6ZRMbo2,SETMANDATORYFIELD,,,,,tUVMdAUAeKR,Cl0jt4EHzvY,,,,,,,
N42AaeNIvif,SHOWWARNING,This infection seems to be an early-onset infection. Are you sure that it is hospital-acquired? Please see chapter 3.4 of the NeoIPC Surveillance Protocol for the rules.,,,,h1CFvJtOkdN,tj1LewUMIT5,,,,,,,
N7PJnOpg1sr,HIDEFIELD,,,,,jhW8xHnD8YD,VJwXpWNnhfK,,,,,,,
N7jev5Tv972,DISPLAYKEYVALUEPAIR,Imaging findings count,expressions/programRules/NeoIPC NEC - display feedback/N7jev5Tv972.data.dhis2,feedback,,KSOwPDUcO26,,,,,,,,
N8dvOvbm7rU,HIDEFIELD,,,,,PHica4dHKcT,WStwnGV1si8,,,,,,,
N8uZLG5Xa44,ASSIGN,#{NeoIPC HAP Lower respiratory tract sample positive},expressions/programRules/NeoIPC HAP Lower respiratory tract sample positive - infer true/N8uZLG5Xa44.data.dhis2,,,EQ640JFGSCE,,,,,,,,
NAz79vFtVVv,HIDEFIELD,,,,,ti0cs8Nr7gH,ZmlQ283oucZ,,,,,,,
NCIDqY9eBWK,ASSIGN,#{NeoIPC HAP Clinical criteria total count},expressions/programRules/NeoIPC HAP Clinical criteria total count - assign calculated value/NCIDqY9eBWK.data.dhis2,,,JCR4IJWeFPy,,,,,,,,
NFQYubrrXgs,SHOWWARNING,Implausible day of life at the time of admission.,,,,Ifj6xINnDDE,rvq4L9wWbwW,,,,,,,
NPLdNePJirD,HIDESECTION,,,,,spEjGdHfvrV,,,UD4BKztJGem,,,,,
NWYcJx2WSpq,HIDEFIELD,,,,,nfNT3wdLjN2,wlGi1qr9xYX,,,,,,,
NbFlTfxWFbm,HIDEFIELD,,,,,cwQyLvLkepH,hsF5jqkXCKW,,,,,,,
Ncna00e0WMK,HIDEFIELD,,,,,uoAfLEGhdP2,V4cZc41FDMf,,,,,,,
NnNVXY70LiR,ASSIGN,#{NeoIPC BSI CRP count},expressions/programRules/NeoIPC BSI CRP set count/NnNVXY70LiR.data.dhis2,,,lNm2IjXgA38,,,,,,,,
O4X0d14iZhg,SETMANDATORYFIELD,,,,,mfetwXEUOPq,PodwECDyBas,,,,,,,
OGH3nhG8st0,DISPLAYKEYVALUEPAIR,All NeoIPC NEC definition criteria met,expressions/programRules/NeoIPC NEC - display feedback/OGH3nhG8st0.data.dhis2,feedback,,KSOwPDUcO26,,,,,,,,
OIMy7UOmUK9,ASSIGN,#{NeoIPC NEC Pneumatosis intestinalis surgical uint value},expressions/programRules/NeoIPC NEC Pneumatosis intestinalis surgical value - true/OIMy7UOmUK9.data.dhis2,,,pYoHnqNbA3l,,,,,,,,
OKgKtSj18Om,HIDEFIELD,,,,,IaL3CXIUjYz,xJhCntfsvOT,,,,,,,
OLf5JfQb3gr,HIDEFIELD,,,,,uoAfLEGhdP2,xOjpebPJiOw,,,,,,,
OMSIzpwQdgd,HIDEFIELD,,,,,QZoCYsNF7el,hZVH5YCOF47,,,,,,,
ONge1JTrE1X,ASSIGN,#{NeoIPC SSI Secondary BSI pathogen 3 may be MRSA},expressions/programRules/NeoIPC SSI Secondary BSI pathogen 3 - set MRSA/ONge1JTrE1X.data.dhis2,,,tlIW5kSvDsJ,,,,,,,,
OR5sjoHNwte,HIDEFIELD,,,,,RbSVh70BZFG,TeH2t8tpUec,,,,,,,
OZz9fwGIRaM,HIDEFIELD,,,,,cMosm1AJvp4,s09IPGLg9gK,,,,,,,
OhcT8eSYX6o,HIDEFIELD,,,,,LeqLtruOHV6,KKojgJK2Iqy,,,,,,,
OnxxxsRFKpe,SETMANDATORYFIELD,,,,,ZPUFFyciOqf,wLoogTcqtUr,,,,,,,
P0NxinKbsIm,ASSIGN,#{NeoIPC SSI Pathogen 1 may be carbapenem-resistant},expressions/programRules/NeoIPC SSI Pathogen 1 - set carbapenem-resistant/P0NxinKbsIm.data.dhis2,,,o0OswScALSu,,,,,,,,
P8I8nDYspQ8,HIDEFIELD,,,,,nfNT3wdLjN2,Db0I00GuIv0,,,,,,,
P8SwzepntOU,HIDEFIELD,,,,,rvvnet33GfB,fMcSb5NQ1cH,,,,,,,
PBtSqR3aeJA,SETMANDATORYFIELD,,,,,R7ZgRTJzCJT,YQVGiNDlXSk,,,,,,,
PIDp25qCS2g,HIDEFIELD,,,,,r3XnM9rrULQ,hZIGItoWMLG,,,,,,,
PTPtDtXTzP8,HIDEFIELD,,,,,bqcuRNtXV6Y,OBC5BfcUwyg,,,,,,,
PYnrU5fFlBt,ASSIGN,#{NeoIPC NEC Surgical findings total count},expressions/programRules/NeoIPC NEC - assign finding counts/PYnrU5fFlBt.data.dhis2,,,D47EyNbJ8pQ,,,,,,,,
PZyR34iKaK9,ASSIGN,#{NeoIPC NEC Secondary BSI pathogen 3 may be VRE},expressions/programRules/NeoIPC NEC Secondary BSI pathogen 3 - set VRE/PZyR34iKaK9.data.dhis2,,,mYlvZwPfuAP,,,,,,,,
Phyq5BMpvSY,HIDEFIELD,,,,,jhW8xHnD8YD,n5wJQGsAUvB,,,,,,,
Pjot7lROd2f,HIDEFIELD,,,,,b06q6chKE30,B1mZglttyWR,,,,,,,
PkChd5PHyRt,HIDEFIELD,,,,,btS1ihiP1rd,V4cZc41FDMf,,,,,,,
PlHvmTjlMe1,SETMANDATORYFIELD,,,,,UOwBoTscdqh,Qh6VVUBAaK9,,,,,,,
PnNvIr42ehT,HIDEFIELD,,,,,OF44jRW13rp,QIlkIZDrbwn,,,,,,,
Pz8Sq8pxZX3,HIDEFIELD,,,,,ou8JqDRpBBC,Db0I00GuIv0,,,,,,,
PzzI3anNhYe,SHOWERROR,CVC days must be less than or equal to patient days,,,,mJk6fwzG4WI,Z3GQcwMosHH,,,,,,,
Q0EVybJucXj,SETMANDATORYFIELD,,,,,r2KtQHkpvUg,y89nfwG2uxQ,,,,,,,
Q6vSgE5G529,SETMANDATORYFIELD,,,,,tS4ITf30owZ,yq1kfbsLGiO,,,,,,,
QG7g6QBkdHG,ASSIGN,#{NeoIPC BSI Hyperglycaemia  count},expressions/programRules/NeoIPC BSI Hyperglycaemia  set count/QG7g6QBkdHG.data.dhis2,,,CQhxRCFd4yL,,,,,,,,
QXjZ9Cq5T5w,HIDEFIELD,,,,,ejIFtgbGBl1,MgaxJxTIi6Y,,,,,,,
QmL8W4kNsW7,HIDEFIELD,,,,,ehrBTKxrBMo,TsgwL95UcPF,,,,,,,
Qmt363UtrQ4,SHOWERROR,"To enroll the infant in NeoIPC core, the birth weight must be less than 1500 grams or the gestational age must be less than 32 weeks.",,,,H90Xs7KvX2P,,qLGOhTzMVyY,,,,,,
QvAiQnnkO31,ASSIGN,#{NeoIPC HAP Pathogen 3 may be carbapenem-resistant},expressions/programRules/NeoIPC HAP Pathogen 3 - set carbapenem-resistant/QvAiQnnkO31.data.dhis2,,,Y9C0bDLD8e8,,,,,,,,
R2Taj2PE634,ASSIGN,,expressions/programRules/NeoIPC SSI Set Day of life/R2Taj2PE634.data.dhis2,,,iTooSG0KaEV,YHYi79E8xhN,,,,,,,
R5RDPxyWjo3,ASSIGN,#{NeoIPC HAP Secondary BSI pathogen 1 may be colistin-resistant},expressions/programRules/NeoIPC HAP Secondary BSI pathogen 1 - set colistin-resistant/R5RDPxyWjo3.data.dhis2,,,BX8Vx8gUtp5,,,,,,,,
RJ0f6cSCiF5,HIDEFIELD,,,,,kZLn4rMos28,mwbe730vMBu,,,,,,,
RSTxtJx7goe,ASSIGN,#{NeoIPC BSI Pathogen 1 may be carbapenem-resistant},expressions/programRules/NeoIPC BSI Pathogen 1 - set carbapenem-resistant/RSTxtJx7goe.data.dhis2,,,iRtZHWPQJFe,,,,,,,,
RSsoWktyexw,HIDEFIELD,,,,,cqAabFTW6XX,l9AarKAD8qi,,,,,,,
ReZdz8k2P9p,SETMANDATORYFIELD,,,,,spEjGdHfvrV,j4h7viHO6lb,,,,,,,
Rf5CWdxMG9I,HIDEFIELD,,,,,cnyYkKWdFSV,Au49L8nPTTv,,,,,,,
RfIu8hP2iT5,HIDEFIELD,,,,,jhW8xHnD8YD,pO5IgMyNjGA,,,,,,,
RiruEMstGWw,DISPLAYKEYVALUEPAIR,Respiratory support criterion fulfilled,expressions/programRules/NeoIPC HAP - display feedback/RiruEMstGWw.data.dhis2,feedback,,rb0tjhQtZF2,,,,,,,,
RpTnTYyGiZT,SETMANDATORYFIELD,,,,,aE54DG18XR0,G7uFGI11Bdr,,,,,,,
RzoPXAebCXe,HIDEFIELD,,,,,jhW8xHnD8YD,XXUaWNIB6fS,,,,,,,
S2HArRoII3R,HIDEFIELD,,,,,ZB0sOGoZLln,G7JBlB11D5B,,,,,,,
S7J0spdiDd9,HIDEFIELD,,,,,ehrBTKxrBMo,YQVGiNDlXSk,,,,,,,
S91Z6HQsGr0,HIDEFIELD,,,,,Vr32T79ujlw,VJwXpWNnhfK,,,,,,,
SCrOe0ZHWh0,WARNINGONCOMPLETE,"If you do not enter a birth weight, the infant will be excluded from the most relevant reports. Please do always enter the birth weight if it is available.",,,,tm7biA83rNu,,ZbL9VmLRB6D,,,,,,
SDd6PPHGXxy,HIDEFIELD,,,,,uitFTLJmYup,cyCczC5xzaB,,,,,,,
SN8Uxx11EFH,HIDEFIELD,,,,,nfNT3wdLjN2,tAx6dWqnOIx,,,,,,,
SOhih6eNr7U,SETMANDATORYFIELD,,,,,hr49oLKtFzC,fK8yWzyLp4I,,,,,,,
SSBT2ZOBDTM,HIDEFIELD,,,,,cnyYkKWdFSV,rp3SK7xGfq9,,,,,,,
SYk76tYbazz,HIDEFIELD,,,,,rvvnet33GfB,TeH2t8tpUec,,,,,,,
SbVdu9D67rP,SETMANDATORYFIELD,,,,,NlwC14LbjyE,TGvIcZhfY4h,,,,,,,
SbaonIMfU5K,ASSIGN,#{NeoIPC Admission Completed},expressions/programRules/NeoIPC Admission Set completed/SbaonIMfU5K.data.dhis2,,,w2qtd49SXSi,,,,,,,,
Se4FyULEA2W,ASSIGN,#{NeoIPC SSI Pathogen 3 may be 3GCR},expressions/programRules/NeoIPC SSI Pathogen 3 - set 3GCR/Se4FyULEA2W.data.dhis2,,,klaFMF0LZ1w,,,,,,,,
SegNT3LTXT6,HIDEFIELD,,,,,uitFTLJmYup,V4cZc41FDMf,,,,,,,
SeoqqiS9To7,HIDEFIELD,,,,,r3XnM9rrULQ,XXUaWNIB6fS,,,,,,,
SkizmAHatQu,HIDEFIELD,,,,,hwszsk44hZ3,gvmTVfiIk2g,,,,,,,
SoiqaVsTXnp,SETMANDATORYFIELD,,,,,Nw1Ju9yESOV,A3E5ORnXeDq,,,,,,,
Sssg9trU7Er,ASSIGN,#{NeoIPC BSI Pathogen 1 may be MRSA},expressions/programRules/NeoIPC BSI Pathogen 1 - set MRSA/Sssg9trU7Er.data.dhis2,,,Nopnuhz9U8L,,,,,,,,
Sv3ftRkUQq1,HIDEFIELD,,,,,VNkKNmjMHYG,ka6PN3C7sqr,,,,,,,
T1sCtvWqawT,HIDEFIELD,,,,,nfNT3wdLjN2,Oy5f6YFFTdR,,,,,,,
T7zcLkQmV34,ASSIGN,#{NeoIPC HAP Virus detected},expressions/programRules/NeoIPC HAP Virus detected - infer true/T7zcLkQmV34.data.dhis2,,,BMY3P0lQncK,,,,,,,,
TG09ij4rCP7,SENDMESSAGE,,,,rrg8grLZodN,kmpDHu9KTlL,,,,,,,,
TMcdpdR5yBs,SHOWERROR,Probiotic days must be less than or equal to patient days,,,,e7OKeQN5jpg,U4ys5n9dSRR,,,,,,,
TPfaDjInO44,SETMANDATORYFIELD,,,,,aJE8v4PoF4c,fynZ6sz6Di0,,,,,,,
TVXdJ8KV0bx,HIDEFIELD,,,,,b06q6chKE30,fJ7RYtpawpg,,,,,,,
TZTH0rlPDRR,ERRORONCOMPLETE,"The definition for superficial incisional SSI is not met. ",,,,sc6VLWeyY4U,,,,,,,,
Tbw84xmRONX,HIDEFIELD,,,,,G8Wkkn2hKct,wLoogTcqtUr,,,,,,,
Tk7KGmkRHtK,SETMANDATORYFIELD,,,,,zzrllKHk6NQ,DaNS1ETTD3Z,,,,,,,
TsLq0DhjpJP,SETMANDATORYFIELD,,,,,EZfC4w74uoc,wlGi1qr9xYX,,,,,,,
Tx9n7DKMxy6,HIDEFIELD,,,,,nWAZ3udNbtZ,HKVzlJtMrqG,,,,,,,
TxnBYLBAVsK,ASSIGN,#{NeoIPC HAP Fever uint value},expressions/programRules/NeoIPC HAP Fever value - true/TxnBYLBAVsK.data.dhis2,,,uMbvNBL9p73,,,,,,,,
U0VLTxW0cz2,HIDEFIELD,,,,,gVOSct0f3F4,pO5IgMyNjGA,,,,,,,
U5vKqukkPlR,HIDEFIELD,,,,,Z78OvS4DNd0,qVSSgJGFF4D,,,,,,,
UAc2iOrETsQ,HIDESECTION,,,,,uitFTLJmYup,,,yhamIeNXB9y,,,,,
UFmvcQ4WNVs,ASSIGN,#{NeoIPC HAP Secondary BSI pathogen 3 may be 3GCR},expressions/programRules/NeoIPC HAP Secondary BSI pathogen 3 - set 3GCR/UFmvcQ4WNVs.data.dhis2,,,dx0G2uiEZD5,,,,,,,,
UGWM7KvETgH,HIDEFIELD,,,,,G57CiSUVUim,xOjpebPJiOw,,,,,,,
UIDMCfSJvOV,HIDEFIELD,,,,,ZB0sOGoZLln,YQVGiNDlXSk,,,,,,,
UN7XJ2tzcKb,HIDEFIELD,,,,,lxiwEhXExyX,FKxg1geQ63L,,,,,,,
UfDh9Or06Na,HIDEFIELD,,,,,f2WkIx5UQBX,snmuo3tXYtO,,,,,,,
UvmZEbRhjqM,ASSIGN,#{NeoIPC BSI Common commensal once laboratory findings count},expressions/programRules/NeoIPC BSI Assign first finding counts/UvmZEbRhjqM.data.dhis2,,,qcMm39rdO3M,,,,,,,,
V4ur6Wy5dE2,HIDEFIELD,,,,,DYC79CwhIs1,U1r2eFwG4GP,,,,,,,
VC1I6E9poVp,SETMANDATORYFIELD,,,,,Wjs9yMITVHx,o8dpLIbHZPX,,,,,,,
VIOoOpB1QFL,SETMANDATORYFIELD,,,,,R66wKJMO2KV,,qLGOhTzMVyY,,,,,,
VIXCozJvBUC,ASSIGN,#{NeoIPC HAP Secondary BSI pathogen 1 may be VRE},expressions/programRules/NeoIPC HAP Secondary BSI pathogen 1 - set VRE/VIXCozJvBUC.data.dhis2,,,Mb7p8F2m6WX,,,,,,,,
VWCUfCWurpy,HIDEFIELD,,,,,r3XnM9rrULQ,QIlkIZDrbwn,,,,,,,
Vhm2WhgO9y9,ASSIGN,#{NeoIPC HAP Imaging criterion fulfilled},expressions/programRules/NeoIPC HAP Imaging findings criterion fulfilled - assign false/Vhm2WhgO9y9.data.dhis2,,,gaMKXAX1EtC,,,,,,,,
VkAwKod6JFd,ASSIGN,#{NeoIPC HAP Secondary BSI pathogen 2 may be VRE},expressions/programRules/NeoIPC HAP Secondary BSI pathogen 2 - set VRE/VkAwKod6JFd.data.dhis2,,,LbeesKV4Cuk,,,,,,,,
VuBPWPQWGkE,HIDEFIELD,,,,,RkdT0BdNHqW,QmvUGbDIIIG,,,,,,,
VuOHfVA3xqL,ASSIGN,#{NeoIPC NEC Secondary BSI pathogen 2 may be 3GCR},expressions/programRules/NeoIPC NEC Secondary BSI pathogen 2 - set 3GCR/VuOHfVA3xqL.data.dhis2,,,KnVXJeTikGv,,,,,,,,
W3clTqhECkI,ASSIGN,,expressions/programRules/NeoIPC Surgical Procedure Set Day of life/W3clTqhECkI.data.dhis2,,,sar1ZEH47wx,AmCKOzIAn8i,,,,,,,
WAfS98xwqRf,HIDEFIELD,,,,,UMIoGqy1QJy,bIMRQhQt4ia,,,,,,,
WDjleYY5mf2,ASSIGN,#{NeoIPC HAP Secondary BSI pathogen 2 may be 3GCR},expressions/programRules/NeoIPC HAP Secondary BSI pathogen 2 - set 3GCR/WDjleYY5mf2.data.dhis2,,,KicwKUMw9lf,,,,,,,,
WWL02Ppv4yN,HIDEFIELD,,,,,nfNT3wdLjN2,QWaa7sH9jIp,,,,,,,
WfS5xkV7Sjx,HIDEFIELD,,,,,nfNT3wdLjN2,GzAudzVNO2H,,,,,,,
WhsJrlUfvWO,ASSIGN,#{NeoIPC HAP Pathogen 1 may be carbapenem-resistant},expressions/programRules/NeoIPC HAP Pathogen 1 - set carbapenem-resistant/WhsJrlUfvWO.data.dhis2,,,u8Vs2eAlkVg,,,,,,,,
WjO74ebqr4y,SETMANDATORYFIELD,,,,,xFXdZ1dwbzb,Db0I00GuIv0,,,,,,,
WlCJJF59E0t,HIDEFIELD,,,,,kPbn68Flmoh,k4Yid4UsNLg,,,,,,,
Wm8t1QwPEqi,ASSIGN,#{NeoIPC HAP Purulent tracheal aspirate uint value},expressions/programRules/NeoIPC HAP Purulent tracheal aspirate value - true/Wm8t1QwPEqi.data.dhis2,,,zCoyxqNEOVx,,,,,,,,
WtsDFoVXezt,HIDEFIELD,,,,,rvvnet33GfB,xJhCntfsvOT,,,,,,,
WuEVo0QdZPC,HIDEFIELD,,,,,jhW8xHnD8YD,MgaxJxTIi6Y,,,,,,,
X0tbyEJoiuS,SETMANDATORYFIELD,,,,,hFg7O9xXSHH,U1r2eFwG4GP,,,,,,,
X6BGUMKPbiA,SETMANDATORYFIELD,,,,,MgbSo4RO7d0,o63deLmVeUI,,,,,,,
X7QV9zgBSll,ASSIGN,#{NeoIPC SSI Secondary BSI pathogen 2 may be MRSA},expressions/programRules/NeoIPC SSI Secondary BSI pathogen 2 - set MRSA/X7QV9zgBSll.data.dhis2,,,BLq7FANrhv3,,,,,,,,
XESXdpF7tAp,HIDEFIELD,,,,,rvvnet33GfB,ADhrdzYPCo2,,,,,,,
XRHWKyTpill,HIDEFIELD,,,,,BRrqwcj63KW,Le2Q2CCPZAQ,,,,,,,
XSwYAItKZuY,HIDEFIELD,,,,,uitFTLJmYup,pXWj4HIcVEx,,,,,,,
XXSAf7Nkxps,ASSIGN,,expressions/programRules/NeoIPC Admission Type 1/XXSAf7Nkxps.data.dhis2,,,Wr1qtCLDDf2,rvq4L9wWbwW,,,,,,,
XXncoxaoIek,HIDEFIELD,,,,,eqc0S2TZvkm,fuupuDsZf9w,,,,,,,
XdXlqqgcp5b,HIDEFIELD,,,,,cnyYkKWdFSV,hsF5jqkXCKW,,,,,,,
XjfkynbsLHl,DISPLAYKEYVALUEPAIR,All NeoIPC pneumonia definition criteria met,expressions/programRules/NeoIPC HAP - display feedback/XjfkynbsLHl.data.dhis2,feedback,,rb0tjhQtZF2,,,,,,,,
XmKZrpDq0OG,SETMANDATORYFIELD,,,,,vZB3p7NXfKx,nvEHBVmPZpF,,,,,,,
XockUiO4AcV,HIDEFIELD,,,,,jewkCRzEWoA,bUNxV2zp4Lu,,,,,,,
XpOHJiyV1YD,ASSIGN,#{NeoIPC NEC Secondary BSI pathogen 2 may be carbapenem-resistant},expressions/programRules/NeoIPC NEC Secondary BSI pathogen 2 - set carbapenem-resistant/XpOHJiyV1YD.data.dhis2,,,y6VxxZdOjls,,,,,,,,
Xr6y6BvahHt,HIDESECTION,,,,,bBy2KAwRXCW,,,VuAIMPIHrWE,,,,,
XrmXN8dkvQj,ASSIGN,#{NeoIPC HAP Secondary BSI pathogen 3 may be MRSA},expressions/programRules/NeoIPC HAP Secondary BSI pathogen 3 - set MRSA/XrmXN8dkvQj.data.dhis2,,,jVkbe88846W,,,,,,,,
XuE7fBSoNmQ,ASSIGN,#{NeoIPC HAP Pathogen 3 may be MRSA},expressions/programRules/NeoIPC HAP Pathogen 3 - set MRSA/XuE7fBSoNmQ.data.dhis2,,,fzBkI0Vx7S3,,,,,,,,
XvrSQ5Xu2s3,HIDEFIELD,,,,,uitFTLJmYup,fynZ6sz6Di0,,,,,,,
XxWQ5RRgXz4,HIDEFIELD,,,,,cnyYkKWdFSV,QmvUGbDIIIG,,,,,,,
Y1EJX8Pxx5i,ASSIGN,#{NeoIPC BSI Common commensal once clinical findings count},expressions/programRules/NeoIPC BSI Assign first finding counts/Y1EJX8Pxx5i.data.dhis2,,,qcMm39rdO3M,,,,,,,,
Y7wIKvFLQ9b,SETMANDATORYFIELD,,,,,H0BiwFgpJWk,Rm78R5c3pSg,,,,,,,
YDxuws9ykum,HIDEFIELD,,,,,srGZpDr3rnG,i4yQcpPDttA,,,,,,,
YFMUKF7QBcM,ASSIGN,#{NeoIPC SSI Pathogen 2 may be MRSA},expressions/programRules/NeoIPC SSI Pathogen 2 - set MRSA/YFMUKF7QBcM.data.dhis2,,,uYc0C51542w,,,,,,,,
YGJBkSY9BRG,HIDEFIELD,,,,,cnyYkKWdFSV,tvGZ44rx0q1,,,,,,,
YLoiCtsDgaA,HIDESECTION,,,,,PLYGlpyFglh,,,ACd7OsOs9Cx,,,,,
YOMSpHMwrwa,HIDEFIELD,,,,,uitFTLJmYup,aHdse5vKla6,,,,,,,
YZTPtltAFNJ,HIDEFIELD,,,,,r3XnM9rrULQ,JOTOTIisCmU,,,,,,,
YeetIXCGmvv,HIDEFIELD,,,,,LeqLtruOHV6,qPodJpROw1Q,,,,,,,
YelmR5XseYs,HIDEFIELD,,,,,yvkm8Dd9ZZA,GzAudzVNO2H,,,,,,,
YlQYhEHTJYT,SETMANDATORYFIELD,,,,,usOZjHYcBuQ,YN4JnSouiXn,,,,,,,
Yq92qA1Xotj,SETMANDATORYFIELD,,,,,qQRozcI6gQE,KGjHtWcPkP9,,,,,,,
YucxsKZDIhp,HIDEFIELD,,,,,uoAfLEGhdP2,xJhCntfsvOT,,,,,,,
Z3wjh6UIeY2,SETMANDATORYFIELD,,,,,gFafoSW3pCH,G7JBlB11D5B,,,,,,,
ZA5HJk9MT0w,ASSIGN,#{NeoIPC BSI Pathogen 2 may be MRSA},expressions/programRules/NeoIPC BSI Pathogen 2 - set MRSA/ZA5HJk9MT0w.data.dhis2,,,wTroULGpGmb,,,,,,,,
ZA7Y9SSJo0x,HIDEFIELD,,,,,mxbCtBoJY4L,ZE5CrBaKy3f,,,,,,,
ZCFzyr6Uw7G,HIDEFIELD,,,,,jhW8xHnD8YD,HztFtyHuX7f,,,,,,,
ZGHD2MFuXSx,HIDEFIELD,,,,,bBy2KAwRXCW,vNw0rqjhgW1,,,,,,,
ZIqrCJ67NRA,SHOWWARNING,Implausible gestational age,,,,b3CR62JDGHW,,qLGOhTzMVyY,,,,,,
ZNebHU6Ve9V,HIDEFIELD,,,,,cnyYkKWdFSV,TheHLmezGMF,,,,,,,
ZQ4sEwEjDC5,ASSIGN,#{NeoIPC SSI Secondary BSI pathogen 3 may be colistin-resistant},expressions/programRules/NeoIPC SSI Secondary BSI pathogen 3 - set colistin-resistant/ZQ4sEwEjDC5.data.dhis2,,,hcomIGpkAtL,,,,,,,,
ZdHlLMYb9qz,HIDEFIELD,,,,,b06q6chKE30,Qh6VVUBAaK9,,,,,,,
ZdNvbprB5gs,ASSIGN,#{NeoIPC NEC Increased gastric residuals uint value},expressions/programRules/NeoIPC NEC Increased gastric residuals value - true/ZdNvbprB5gs.data.dhis2,,,FFZw4Nvznpv,,,,,,,,
ZgKvYrgWInZ,HIDEFIELD,,,,,DYC79CwhIs1,CUlXZ8ETgJB,,,,,,,
ZgaymIMw188,SETMANDATORYFIELD,,,,,Bmrn9RN6qHt,iStHC3Ope8B,,,,,,,
Zil0yIWxb9p,ASSIGN,#{NeoIPC NEC Secondary BSI pathogen 1 may be MRSA},expressions/programRules/NeoIPC NEC Secondary BSI pathogen 1 - set MRSA/Zil0yIWxb9p.data.dhis2,,,j9Na3BVm0ws,,,,,,,,
ZqyfZpCn2Go,ASSIGN,,expressions/programRules/NeoIPC Admission Set Length of Stay/ZqyfZpCn2Go.data.dhis2,,,GShb8cTSeZL,Lwa9Jp5xSnR,,,,,,,
ZzpKnuYerlX,SETMANDATORYFIELD,,,,,xkn0FflddyH,TXKgizEyv6g,,,,,,,
aA9QwHNYDYp,ASSIGN,#{NeoIPC HAP Pathogen 1 may be colistin-resistant},expressions/programRules/NeoIPC HAP Pathogen 1 - set colistin-resistant/aA9QwHNYDYp.data.dhis2,,,vALTrZudqVz,,,,,,,,
aBtfY4mLFuQ,HIDEFIELD,,,,,DYC79CwhIs1,acADmWAqwcP,,,,,,,
aQetQ5Dtt33,SETMANDATORYFIELD,,,,,YantIXklVui,UQX3D0E9ARY,,,,,,,
aYu9OVyfrGa,HIDEFIELD,,,,,ehrBTKxrBMo,TGvIcZhfY4h,,,,,,,
aZrOkpaICko,ASSIGN,#{NeoIPC HAP Pathogen 2 is virus},expressions/programRules/NeoIPC HAP - set virus/aZrOkpaICko.data.dhis2,,,LZQHeUvyjfJ,,,,,,,,
aZwGywScUt5,SHOWERROR,"For transferred or re-admitted patients an infection is only considered a nosocomial infection if the day of symptom onset is greater than or equal to day 3 of the patient’s  hospital stay, where the day of admission is regarded as day 1. Please see chapter 3.4 of the NeoIPC Surveillance Protocol for the rules.",,,,PRHZlRPuVZs,t4xpFiZeCHK,,,,,,,
agQF0YqdgZa,SETMANDATORYFIELD,,,,,LfmLPQL8cNZ,ljbFGymMZzt,,,,,,,
azQkHCfV6hz,ASSIGN,#{NeoIPC SSI Pathogen 1 may be 3GCR},expressions/programRules/NeoIPC SSI Pathogen 1 - set 3GCR/azQkHCfV6hz.data.dhis2,,,mHQ9178lRNW,,,,,,,,
b1GaZunuBoQ,HIDEFIELD,,,,,b06q6chKE30,ZHSjP6lwIKT,,,,,,,
b5vO1Hi5UUx,HIDEFIELD,,,,,uoAfLEGhdP2,UDhuURrXmmX,,,,,,,
bFBGJuvlCYW,SHOWERROR,Antibiotic days must be less than or equal to patient days,,,,NGhr5Yt9Dk4,huoQuMzJwgw,,,,,,,
bGELBtZ9JtK,SETMANDATORYFIELD,,,,,wc4X4kJplVH,JOTOTIisCmU,,,,,,,
bOyQvRQqtKR,HIDEFIELD,,,,,rvvnet33GfB,pXWj4HIcVEx,,,,,,,
bUVV4mMO4Iv,HIDEFIELD,,,,,cwQyLvLkepH,IhFtEkm3sE1,,,,,,,
bcKnSS5FcS8,ASSIGN,#{NeoIPC NEC Pneumatosis intestinalis imaging uint value},expressions/programRules/NeoIPC NEC Pneumatosis intestinalis imaging value - true/bcKnSS5FcS8.data.dhis2,,,n1Hc37OvhSa,,,,,,,,
bdNPKVZZLB5,HIDEFIELD,,,,,jhW8xHnD8YD,vjSwdgu8l9s,,,,,,,
bev167eU6aq,ASSIGN,#{NeoIPC SSI Secondary BSI pathogen 1 may be colistin-resistant},expressions/programRules/NeoIPC SSI Secondary BSI pathogen 1 - set colistin-resistant/bev167eU6aq.data.dhis2,,,BlNy3VGQwVU,,,,,,,,
brKo4T7W9iK,SETMANDATORYFIELD,,,,,MoNHUSehYaD,mwbe730vMBu,,,,,,,
bt9nbmc7kcj,SETMANDATORYFIELD,,,,,MHPMg4PhuBj,wfe6ZTkZ3Co,,,,,,,
bu6BacLliev,HIDEFIELD,,,,,gVPXU1fSdKv,NZqoT6ZGuX2,,,,,,,
bvDkHGXwu19,HIDEFIELD,,,,,jhW8xHnD8YD,D6z0jmhQnm5,,,,,,,
bvEX1I4qri6,SETMANDATORYFIELD,,,,,xSZUXdxqRnt,EEW3ftnfLsb,,,,,,,
bw0YEIxaVck,HIDEFIELD,,,,,nfNT3wdLjN2,TsoCuWLh71j,,,,,,,
bwZs6lM3HY0,ASSIGN,#{NeoIPC HAP Secondary BSI pathogen 3 may be colistin-resistant},expressions/programRules/NeoIPC HAP Secondary BSI pathogen 3 - set colistin-resistant/bwZs6lM3HY0.data.dhis2,,,i5m5ZAO3IYR,,,,,,,,
byDW6SJjMjw,SETMANDATORYFIELD,,,,,hHxWp13VjNU,ZHSjP6lwIKT,,,,,,,
byGXZQBnsfV,SETMANDATORYFIELD,,,,,BwaDt04UeHD,Au49L8nPTTv,,,,,,,
c0Eh0gQe72P,SETMANDATORYFIELD,,,,,hFRLDmKAdom,v8zVGK2XmtI,,,,,,,
c1nvWF3ju1U,HIDEFIELD,,,,,ehrBTKxrBMo,ijekJ6XPx9C,,,,,,,
c4NjG2uyMNg,ASSIGN,#{NeoIPC BSI Common sepsis laboratory findings count},expressions/programRules/NeoIPC BSI Assign common laboratory findings count/c4NjG2uyMNg.data.dhis2,,,vsmxvp7bBHY,,,,,,,,
cFwDRaTty3N,ASSIGN,,expressions/programRules/NeoIPC SURGERY Set Length of Stay/cFwDRaTty3N.data.dhis2,,,D2RPS1cedtu,ey4XJquYYBI,,,,,,,
cHIbE45Stab,HIDEFIELD,,,,,jhW8xHnD8YD,QIlkIZDrbwn,,,,,,,
cKKGtnSNOSk,HIDEFIELD,,,,,r3XnM9rrULQ,n5wJQGsAUvB,,,,,,,
cKO7ywshAvg,SETMANDATORYFIELD,,,,,KGWHfUWIjWi,xJhCntfsvOT,,,,,,,
cRFqD5SyaQK,ASSIGN,#{NeoIPC HAP Pathogen 2 may be carbapenem-resistant},expressions/programRules/NeoIPC HAP Pathogen 2 - set carbapenem-resistant/cRFqD5SyaQK.data.dhis2,,,WyMBqd4KfeC,,,,,,,,
cU3v8bgrV56,ASSIGN,#{NeoIPC BSI Pathogen 1 may be VRE},expressions/programRules/NeoIPC BSI Pathogen 1 - set VRE/cU3v8bgrV56.data.dhis2,,,gu7gO5hSoi5,,,,,,,,
cV4rO9qonec,HIDEFIELD,,,,,weQmJ0ug494,Qh6VVUBAaK9,,,,,,,
cb4iOsz4Hlq,HIDEFIELD,,,,,jhW8xHnD8YD,l9AarKAD8qi,,,,,,,
cdFDrixxAHA,HIDEFIELD,,,,,VNkKNmjMHYG,hsF5jqkXCKW,,,,,,,
cfV3F2SBE0x,ASSIGN,#{NeoIPC BSI Pathogen 3 may be carbapenem-resistant},expressions/programRules/NeoIPC BSI Pathogen 3 - set carbapenem-resistant/cfV3F2SBE0x.data.dhis2,,,eF4Jv8kPCyy,,,,,,,,
cl04JIBJMqF,SETMANDATORYFIELD,,,,,cua0Q5S1VDq,OawTDq2eiv0,,,,,,,
cp0DqDmTAD3,ASSIGN,#{NeoIPC NEC Secondary BSI pathogen 1 may be carbapenem-resistant},expressions/programRules/NeoIPC NEC Secondary BSI pathogen 1 - set carbapenem-resistant/cp0DqDmTAD3.data.dhis2,,,OBuFX65frWh,,,,,,,,
cqZ1LUvRq9i,HIDEFIELD,,,,,b06q6chKE30,NZqoT6ZGuX2,,,,,,,
cs3eMawm5mP,HIDEFIELD,,,,,cnyYkKWdFSV,ztZ4Xwz7TJZ,,,,,,,
cuzmiVyQI7p,HIDEFIELD,,,,,F52AGYiGt0U,G7uFGI11Bdr,,,,,,,
d2aPxrRJuvO,HIDEFIELD,,,,,mjLVxPdBxiJ,ydy9VLkNavJ,,,,,,,
d2pAdFKVOXd,HIDEFIELD,,,,,cwQyLvLkepH,QmvUGbDIIIG,,,,,,,
d5zVNae6Sqn,ASSIGN,#{NeoIPC NEC Abdominal discoloration uint value},expressions/programRules/NeoIPC NEC Abdominal discoloration value - true/d5zVNae6Sqn.data.dhis2,,,jxuyugcOILj,,,,,,,,
d9mnGdkECl4,ASSIGN,#{NeoIPC NEC Surgical findings criterion fulfilled},expressions/programRules/NeoIPC NEC Surgical findings criterion fulfilled - assign false/d9mnGdkECl4.data.dhis2,,,EP5qVa9lEpP,,,,,,,,
dGJZdYFQDu0,HIDEFIELD,,,,,ehrBTKxrBMo,u0tZWVB3f3y,,,,,,,
dI5NONvmmUQ,HIDEFIELD,,,,,VNkKNmjMHYG,wexW0dYfxQ7,,,,,,,
dN8FokrkVV6,HIDEFIELD,,,,,rvvnet33GfB,xOjpebPJiOw,,,,,,,
dRlQcvcYJ63,HIDEFIELD,,,,,nfNT3wdLjN2,UptqkgrbXy6,,,,,,,
dV2Ngie0vni,HIDEFIELD,,,,,gjoR1s5NZuF,T6TynP10m5Q,,,,,,,
dWiBLolUv7r,HIDESECTION,,,,,jewkCRzEWoA,,,q3ZZZIcjfz0,,,,,
dXvYPH45tae,SHOWWARNING,Implausible number of siblings in one birth.,,,,m6E8WHjIJsK,,RWgBBhSiu5U,,,,,,
dYmNC8SeeSx,ERRORONCOMPLETE,"The NEC definition criteria are not fulfilled. ",,,,FUJje59tZDB,,,,,,,,
daNfJVJx9Gm,ASSIGN,#{NeoIPC BSI White blood cell count count},expressions/programRules/NeoIPC BSI White blood cell count set count/daNfJVJx9Gm.data.dhis2,,,DFTJ8MRSqWH,,,,,,,,
dagWswlR7LB,HIDEFIELD,,,,,ehrBTKxrBMo,UQX3D0E9ARY,,,,,,,
ddzMmhCrGjV,HIDEFIELD,,,,,Vr32T79ujlw,lJj9LgTZ9Gg,,,,,,,
dkNqideENyy,ASSIGN,,expressions/programRules/NeoIPC NEC Set Length of Stay/dkNqideENyy.data.dhis2,,,SXv5r0P3cej,t4xpFiZeCHK,,,,,,,
dpFcrLhZ0kN,ERRORONCOMPLETE,"The definition for organ/space SSI is not met. ",,,,BXVz490aRpj,,,,,,,,
dv391wZzuLi,HIDEFIELD,,,,,raKaKdTj4xa,Qh6VVUBAaK9,,,,,,,
dx5kqkNb3fN,HIDEFIELD,,,,,ZoA6Ng0ufP2,lJj9LgTZ9Gg,,,,,,,
e4LSpoYc781,HIDEFIELD,,,,,rvvnet33GfB,snmuo3tXYtO,,,,,,,
e6MGjZ0eG5u,HIDEFIELD,,,,,bujDgZhhgMn,rp3SK7xGfq9,,,,,,,
eD5X7l2Z16n,HIDEFIELD,,,,,cnyYkKWdFSV,wexW0dYfxQ7,,,,,,,
eEKE9rW6jY2,ASSIGN,#{NeoIPC SSI Secondary BSI pathogen 3 may be carbapenem-resistant},expressions/programRules/NeoIPC SSI Secondary BSI pathogen 3 - set carbapenem-resistant/eEKE9rW6jY2.data.dhis2,,,rexUfozTVMO,,,,,,,,
eG7KyGhxt3z,HIDEFIELD,,,,,DYC79CwhIs1,G7JBlB11D5B,,,,,,,
eJLCKWt5g9B,HIDEFIELD,,,,,nfNT3wdLjN2,gvmTVfiIk2g,,,,,,,
eLqdP1rLcKb,SENDMESSAGE,,,,tAH1QllwtxU,BVXHtD6b14r,,,,,,,,
eabyJlMYJRI,ASSIGN,#{NeoIPC HAP Pathogen 2 may be 3GCR},expressions/programRules/NeoIPC HAP Pathogen 2 - set 3GCR/eabyJlMYJRI.data.dhis2,,,un5xnxeHUra,,,,,,,,
ecUrwv1Ue3t,HIDEFIELD,,,,,Vr32T79ujlw,n5wJQGsAUvB,,,,,,,
eqqWcNIOHXc,SETMANDATORYFIELD,,,,,eVwXopprDkC,QIlkIZDrbwn,,,,,,,
ewyK7DgbaF8,ASSIGN,#{NeoIPC HAP Pathogen 2 may be colistin-resistant},expressions/programRules/NeoIPC HAP Pathogen 2 - set colistin-resistant/ewyK7DgbaF8.data.dhis2,,,sILyrNHXwi4,,,,,,,,
eySjFa7TnHL,HIDEFIELD,,,,,ctDY46pBOH6,YQVGiNDlXSk,,,,,,,
fBSzT7EElKl,SETMANDATORYFIELD,,,,,KS4pJmd8Ru0,wexW0dYfxQ7,,,,,,,
fByTL1GpSPg,SHOWERROR,Kangaroo care days must be less than or equal to patient days,,,,komIcllqdzO,gCZe3wijCy4,,,,,,,
fGbnu93i9TN,HIDEFIELD,,,,,DYC79CwhIs1,TGvIcZhfY4h,,,,,,,
fQcuGNlsW1u,ASSIGN,#{NeoIPC NEC Imaging findings total count},expressions/programRules/NeoIPC NEC - assign finding counts/fQcuGNlsW1u.data.dhis2,,,D47EyNbJ8pQ,,,,,,,,
fTgUh3s9kv4,HIDEFIELD,,,,,vXICpq6rozV,KGjHtWcPkP9,,,,,,,
fV37J4z7kvk,HIDEFIELD,,,,,UMQaGLApgjG,PodwECDyBas,,,,,,,
fVzipb7u7JB,SETMANDATORYFIELD,,,,,LLKgG1MzPPx,vNw0rqjhgW1,,,,,,,
fW58PTr5Hey,ASSIGN,#{NeoIPC NEC Secondary BSI pathogen 2 may be colistin-resistant},expressions/programRules/NeoIPC NEC Secondary BSI pathogen 2 - set colistin-resistant/fW58PTr5Hey.data.dhis2,,,jdGFqOFCa5X,,,,,,,,
fYDGBWxfaYk,HIDEFIELD,,,,,cnyYkKWdFSV,lWflhXvq2ky,,,,,,,
faTvRQjFlsY,HIDEFIELD,,,,,jhW8xHnD8YD,H6l5ZyB8EHo,,,,,,,
fwrcNXdOjNr,HIDEFIELD,,,,,b06q6chKE30,mUqRP4hDub9,,,,,,,
gADByFHDQIv,ASSIGN,#{NeoIPC Patient Gestation weeks},expressions/programRules/NeoIPC Patient Assign gestation days and weeks/gADByFHDQIv.data.dhis2,,,DiT08PWJdBc,,,,,,,,
gL3kEUGErA0,HIDEFIELD,,,,,WqoPg0pFlxq,ADhrdzYPCo2,,,,,,,
gN2QpHBPs8Q,ASSIGN,#{NeoIPC BSI Pathogen 2 may be VRE},expressions/programRules/NeoIPC BSI Pathogen 2 - set VRE/gN2QpHBPs8Q.data.dhis2,,,y8T0SLpGalK,,,,,,,,
gPDKSQPZRKN,SETMANDATORYFIELD,,,,,XyGAjrtCNiZ,QmvUGbDIIIG,,,,,,,
gUKL9EFVO80,SETMANDATORYFIELD,,,,,vFkRADnFEj4,snmuo3tXYtO,,,,,,,
gVIhE8fwHwi,SETMANDATORYFIELD,,,,,VIgK0QKPwqg,MgaxJxTIi6Y,,,,,,,
gY4SFKCv9Ss,SHOWERROR,PVC days must be less than or equal to patient days,,,,GYKv7YBS4WS,ZrBvuqbXY0I,,,,,,,
gb4iMKWD7wv,DISPLAYKEYVALUEPAIR,Surgical findings criterion fulfilled,expressions/programRules/NeoIPC NEC - display feedback/gb4iMKWD7wv.data.dhis2,feedback,,KSOwPDUcO26,,,,,,,,
gh6Q6WNGQVM,ASSIGN,#{NeoIPC NEC Secondary BSI pathogen 1 may be 3GCR},expressions/programRules/NeoIPC NEC Secondary BSI pathogen 1 - set 3GCR/gh6Q6WNGQVM.data.dhis2,,,lqe4o62Zn7k,,,,,,,,
gi0dmsVCQK9,ASSIGN,#{NeoIPC BSI Common sepsis clinical findings count},expressions/programRules/NeoIPC BSI Assign first finding counts/gi0dmsVCQK9.data.dhis2,,,qcMm39rdO3M,,,,,,,,
gmbDl7TNNGh,HIDEFIELD,,,,,uitFTLJmYup,ADhrdzYPCo2,,,,,,,
gxajYcmXPqX,ASSIGN,#{NeoIPC HAP Bradycardia uint value},expressions/programRules/NeoIPC HAP Bradycardia value - true/gxajYcmXPqX.data.dhis2,,,jNcz3fBOGOl,,,,,,,,
gyTtkdEqXXv,ASSIGN,#{NeoIPC SSI Organisms identified from any site},expressions/programRules/NeoIPC SSI - set organisms identified from any site/gyTtkdEqXXv.data.dhis2,,,RsU18e1lWxE,,,,,,,,
gzDgCi7pvkf,HIDEFIELD,,,,,ehrBTKxrBMo,HKVzlJtMrqG,,,,,,,
gzgmFVlI0lD,SETMANDATORYFIELD,,,,,Bhr7LQxx0pz,XXUaWNIB6fS,,,,,,,
h060ClNIQfd,ASSIGN,#{NeoIPC SSI Pathogen 3 may be VRE},expressions/programRules/NeoIPC SSI Pathogen 3 - set VRE/h060ClNIQfd.data.dhis2,,,FFoVKb923JV,,,,,,,,
h3ISEpfpFMh,SETMANDATORYFIELD,,,,,VOrixcs1pS7,NjFq3pakY2I,,,,,,,
h3WEYbQGA1e,HIDEFIELD,,,,,DYC79CwhIs1,WLSUlJPMueQ,,,,,,,
h6ooGTPCrLJ,ASSIGN,#{NeoIPC SSI Pathogen 2 may be 3GCR},expressions/programRules/NeoIPC SSI Pathogen 2 - set 3GCR/h6ooGTPCrLJ.data.dhis2,,,Lef1kTBuKIz,,,,,,,,
hKUXy5vidBG,HIDEFIELD,,,,,XECOpVe2vFv,Aawy9BpDWc2,,,,,,,
hLIC9LzpqDo,HIDEFIELD,,,,,b06q6chKE30,PvLENjS8Afi,,,,,,,
hOMk5N6xBsB,HIDEFIELD,,,,,eCaFuolgQib,DaNS1ETTD3Z,,,,,,,
hPTfFj8CxGp,SETMANDATORYFIELD,,,,,LpJqeV1Nunk,kdhNnCUYk6P,,,,,,,
haFm4M1CFx0,HIDEFIELD,,,,,EWTMiuC1Kco,n5wJQGsAUvB,,,,,,,
hhKcnI0yVCr,ASSIGN,#{NeoIPC BSI Perfusion count},expressions/programRules/NeoIPC BSI Perfusion set count/hhKcnI0yVCr.data.dhis2,,,Gi7SH9RVlKg,,,,,,,,
hib7AfYzwOD,ASSIGN,#{NeoIPC HAP Pathogen 1 may be 3GCR},expressions/programRules/NeoIPC HAP Pathogen 1 - set 3GCR/hib7AfYzwOD.data.dhis2,,,M1NMZa7NH6S,,,,,,,,
hj9D3TiJkC0,HIDEFIELD,,,,,ehrBTKxrBMo,gGY64LFTCHE,,,,,,,
hkjtnc9E5N1,HIDEFIELD,,,,,bBy2KAwRXCW,j4h7viHO6lb,,,,,,,
hmiG2usoXuU,HIDEFIELD,,,,,ehrBTKxrBMo,G7JBlB11D5B,,,,,,,
hohMf7wptqa,SHOWERROR,The sum of all antibiotic substance days must be greater than or equal to antibiotic days,,,,ih5VBvXLGu9,huoQuMzJwgw,,,,,,,
hoxJ9q72aDL,HIDEFIELD,,,,,qhLnK0Srgfo,ly90S8UYS9m,,,,,,,
hs7ldgDtJa1,SENDMESSAGE,,,,UhTbLuRAhwT,Yf4TstJjxq7,,,,,,,,
hvBrOiCk8n5,ASSIGN,,expressions/programRules/NeoIPC NEC Set Day of life/hvBrOiCk8n5.data.dhis2,,,pMzKRM5OdcT,Ct7gBVqwScW,,,,,,,
hyAs6vb9dbc,SETMANDATORYFIELD,,,,,IurW4WYdU7n,zXmDLl7evqF,,,,,,,
i2nP3llrGmL,HIDEFIELD,,,,,cnyYkKWdFSV,v8zVGK2XmtI,,,,,,,
i3BrjnfphWZ,HIDEFIELD,,,,,cQROdXYEoE5,TsgwL95UcPF,,,,,,,
iFrHOl7ffFC,HIDEFIELD,,,,,r3XnM9rrULQ,K23m7eluWi0,,,,,,,
iHMgORcoNkp,HIDEFIELD,,,,,eqc0S2TZvkm,AWj4EtgLBRq,,,,,,,
iIFIOdEmbeR,HIDEFIELD,,,,,jhW8xHnD8YD,ZpwYoMtJea3,,,,,,,
iSQvwFNntZQ,HIDEFIELD,,,,,ehrBTKxrBMo,Aawy9BpDWc2,,,,,,,
iWIT5dxdCqI,HIDEFIELD,,,,,cwQyLvLkepH,tvGZ44rx0q1,,,,,,,
iXnKOHQvaEL,HIDEFIELD,,,,,Gde5PaW6v8j,rmBJQ8KTYO5,,,,,,,
id7Zpq4Dcmu,HIDEFIELD,,,,,GtEnPkk0N2T,pPsXwlpMj1s,,,,,,,
ieKkI1rLpMT,SENDMESSAGE,,,,GePNTDTpZpK,xRZwaKSxJ1r,,,,,,,,
ifQ68rsMHB7,SETMANDATORYFIELD,,,,,vZB3p7NXfKx,bUNxV2zp4Lu,,,,,,,
ihUQWoB5fkm,SETMANDATORYFIELD,,,,,g5s9q2YcFsH,gGY64LFTCHE,,,,,,,
ioye0frA6sF,HIDEFIELD,,,,,vagLMg98Yr2,TXKgizEyv6g,,,,,,,
iqCfIRnj0Yi,HIDEFIELD,,,,,V3SxTcR7aP1,NjFq3pakY2I,,,,,,,
j5DIP0YYUAC,HIDEFIELD,,,,,ehrBTKxrBMo,WLSUlJPMueQ,,,,,,,
jDbFgMwj0AP,HIDEFIELD,,,,,ArdWbbXacbQ,acADmWAqwcP,,,,,,,
jW51DnGgHHr,HIDEFIELD,,,,,ppF7ou438rb,UDhuURrXmmX,,,,,,,
jddhCiSsOeM,HIDESECTION,,,,,spEjGdHfvrV,,,ACd7OsOs9Cx,,,,,
jl4xq1qf9fi,HIDEFIELD,,,,,r3XnM9rrULQ,EEW3ftnfLsb,,,,,,,
jnVnf3YuKcL,ASSIGN,#{NeoIPC SSI Secondary BSI pathogen 1 may be carbapenem-resistant},expressions/programRules/NeoIPC SSI Secondary BSI pathogen 1 - set carbapenem-resistant/jnVnf3YuKcL.data.dhis2,,,XdXEIR9KmPo,,,,,,,,
jurAvLgg556,HIDEFIELD,,,,,AalS7WT8AnV,C6vqhkpgeWV,,,,,,,
k1oNO3hdpI4,HIDEFIELD,,,,,R7GwfnYbchF,wexW0dYfxQ7,,,,,,,
k6goB8FK74h,HIDEFIELD,,,,,cwQyLvLkepH,jlRAgmCOuTI,,,,,,,
k7fNdIALZP0,ASSIGN,#{NeoIPC BSI Pathogen 1 is recognized pathogen},expressions/programRules/NeoIPC BSI Pathogen 1 - set recognized pathogen/k7fNdIALZP0.data.dhis2,,,Wbqkypy32Uy,,,,,,,,
kFbylFQ0HpU,SENDMESSAGE,,,,SNGGeieIKpV,DSpI9KsaGfg,,,,,,,,
kGRrYYxGAzx,DISPLAYKEYVALUEPAIR,Admission completed,expressions/programRules/NeoIPC Patient Show feedback for _Admission Completed_/kGRrYYxGAzx.data.dhis2,feedback,,AOJtrTQg1ZP,,,,,,,,
kGd7F503CGl,SETMANDATORYFIELD,,,,,g0UvhlAN4r6,,RWgBBhSiu5U,,,,,,
kHGvWBogR4L,SENDMESSAGE,,,,nwujz9Xb0En,DmK7JLV94nY,,,,,,,,
kNZRbJdnaAT,HIDEFIELD,,,,,uoAfLEGhdP2,wfe6ZTkZ3Co,,,,,,,
kRW5Q0ZiYHH,HIDEFIELD,,,,,ehrBTKxrBMo,mwbe730vMBu,,,,,,,
kUu5iHyWqJP,HIDESECTION,,,,,VOrixcs1pS7,,,UZc6N0GOdhK,,,,,
kV6T5wgFKb4,SETMANDATORYFIELD,,,,,JkpbIBpvrfh,wYnfg9LtR1b,,,,,,,
kYdQzqcSoFW,ASSIGN,#{NeoIPC HAP Secondary BSI pathogen 2 may be MRSA},expressions/programRules/NeoIPC HAP Secondary BSI pathogen 2 - set MRSA/kYdQzqcSoFW.data.dhis2,,,VOOHYUUcSVT,,,,,,,,
kbUok30Q7tk,HIDEFIELD,,,,,BPGrGI0yQZT,fpFM0gQg4xc,,,,,,,
keCrtq3RtkZ,ASSIGN,,expressions/programRules/NeoIPC Surveillance end Patient days - set/keCrtq3RtkZ.data.dhis2,,,ECeGbWVvXFf,Xn8q3giOGcB,,,,,,,
keOYnrzzCMQ,HIDEFIELD,,,,,bfa4dBCjgfJ,y89nfwG2uxQ,,,,,,,
kitTSOXAMz3,HIDEFIELD,,,,,uitFTLJmYup,y89nfwG2uxQ,,,,,,,
kuf8H3MeM2R,HIDEFIELD,,,,,Vr32T79ujlw,K23m7eluWi0,,,,,,,
kyzJs70qcFW,HIDEFIELD,,,,,raKaKdTj4xa,B1mZglttyWR,,,,,,,
kzoXqjNgYYY,SENDMESSAGE,,,,m1h25GElCvF,c0SJorJb5mJ,,,,,,,,
l1fDGlgiyOI,HIDEFIELD,,,,,YnaiuRTnbbv,eOJozPvY3My,,,,,,,
lDsZdcJuQyJ,SETMANDATORYFIELD,,,,,Wib4OwTp3RM,jlRAgmCOuTI,,,,,,,
lHXrqeWSpqi,HIDEFIELD,,,,,rf8A4nJDOqf,fJ7RYtpawpg,,,,,,,
lMXaMfmbH14,HIDEFIELD,,,,,VCKoT2LLC6e,ApLGHjC5unQ,,,,,,,
lOmzPw0gaA7,HIDEFIELD,,,,,DiVppn3nmpd,G7JBlB11D5B,,,,,,,
lPNxS1JwyI1,HIDEFIELD,,,,,cISw5YONs3z,HztFtyHuX7f,,,,,,,
lRJeN9NWHnN,HIDEFIELD,,,,,cwQyLvLkepH,ApLGHjC5unQ,,,,,,,
lRzlI2ElTJ0,HIDEFIELD,,,,,miTi5RyQTcx,B1mZglttyWR,,,,,,,
lS1EfjpNob7,HIDEFIELD,,,,,uitFTLJmYup,asaXrcFOqqf,,,,,,,
lXoiO1ArnsL,HIDEFIELD,,,,,BeLm5jjM4xf,yq1kfbsLGiO,,,,,,,
lfZfbt37OQp,ASSIGN,#{NeoIPC BSI Platelet count count},expressions/programRules/NeoIPC BSI Platelet count set count/lfZfbt37OQp.data.dhis2,,,yJvQVT3rIX1,,,,,,,,
lfd8yUKtKhD,ASSIGN,#{NeoIPC SSI Pathogen 2 may be colistin-resistant},expressions/programRules/NeoIPC SSI Pathogen 2 - set colistin-resistant/lfd8yUKtKhD.data.dhis2,,,hXrzicMeh1a,,,,,,,,
lsLr3O3AZuk,ASSIGN,#{NeoIPC HAP Clinical criteria fulfilled},expressions/programRules/NeoIPC HAP Clinical criteria fulfilled - assign false/lsLr3O3AZuk.data.dhis2,,,Vq5RQpOCc5S,,,,,,,,
lueG3PXCahd,HIDEFIELD,,,,,uitFTLJmYup,snmuo3tXYtO,,,,,,,
lvEBtR1ds0e,HIDEFIELD,,,,,kPbn68Flmoh,QWaa7sH9jIp,,,,,,,
m0l4Urbiw8c,ASSIGN,#{NeoIPC HAP Microbiological test result uint value},expressions/programRules/NeoIPC HAP Virus detected or NeoIPC HAP Lower respiratory tract sample positive/m0l4Urbiw8c.data.dhis2,,,LjBpqQJlAwH,,,,,,,,
m4RZU13H2KS,ASSIGN,#{NeoIPC NEC Secondary BSI pathogen 3 may be 3GCR},expressions/programRules/NeoIPC NEC Secondary BSI pathogen 3 - set 3GCR/m4RZU13H2KS.data.dhis2,,,c9gkGcSOCpb,,,,,,,,
mD85M6kT2Cj,SETMANDATORYFIELD,,,,,b36qonWqcTY,TsgwL95UcPF,,,,,,,
mEv0EP4NwEo,SETMANDATORYFIELD,,,,,n1LfAijRkv6,ZmlQ283oucZ,,,,,,,
mGBpog8R7JV,SETMANDATORYFIELD,,,,,oU67Orv3grn,HkACxREEfaT,,,,,,,
mHgQ8sKVVTs,SETMANDATORYFIELD,,,,,EMHUKsHhViY,sVjCgMgfnKQ,,,,,,,
mQOjoTUJzMk,ASSIGN,#{NeoIPC SSI Pathogen 1 may be colistin-resistant},expressions/programRules/NeoIPC SSI Pathogen 1 - set colistin-resistant/mQOjoTUJzMk.data.dhis2,,,iOqAWaBRwvc,,,,,,,,
mU8PpZOXyNx,HIDEFIELD,,,,,cnyYkKWdFSV,gHkAMS4qCJV,,,,,,,
mVBBdaRXPVT,SETMANDATORYFIELD,,,,,D8nIhPTRC6K,xN8O1GldXk2,,,,,,,
mXht9CdCoLi,HIDEFIELD,,,,,V8JExEi5Ci3,ljbFGymMZzt,,,,,,,
mYDHNKHankZ,SETMANDATORYFIELD,,,,,ldV8y4NCKWh,acADmWAqwcP,,,,,,,
mZ8llSmUIwj,HIDEFIELD,,,,,vDrqooo9KGU,H6l5ZyB8EHo,,,,,,,
maMCK23v1M9,ASSIGN,#{NeoIPC BSI Bradycardia count},expressions/programRules/NeoIPC BSI Bradycardia set count/maMCK23v1M9.data.dhis2,,,IUEm8aeu991,,,,,,,,
mbD3DlRBJk5,HIDEFIELD,,,,,D4f4xkhbI59,aHdse5vKla6,,,,,,,
mejbYA6ya7r,HIDEFIELD,,,,,nfNT3wdLjN2,S7Dulo4dt8O,,,,,,,
mo96bhBZbBw,HIDEFIELD,,,,,VNkKNmjMHYG,tvGZ44rx0q1,,,,,,,
mpiwVbg7cLd,ASSIGN,#{NeoIPC HAP Respiratory support criterion fulfilled},expressions/programRules/NeoIPC HAP Respiratory support criterion fulfilled - assign false/mpiwVbg7cLd.data.dhis2,,,h0dQA0XH9E5,,,,,,,,
mtp5fZRd9pO,SETMANDATORYFIELD,,,,,C5ZW7F3NgNj,NZqoT6ZGuX2,,,,,,,
n06st9DUu2i,HIDEFIELD,,,,,KvZb37nGZhU,hZIGItoWMLG,,,,,,,
n0ISDCoNRDL,ASSIGN,#{NeoIPC HAP Pathogen 1 may be VRE},expressions/programRules/NeoIPC HAP Pathogen 1 - set VRE/n0ISDCoNRDL.data.dhis2,,,zzNrPBTdSn7,,,,,,,,
n27V0PnGVNY,HIDEFIELD,,,,,rvvnet33GfB,UDhuURrXmmX,,,,,,,
n3pb9Myqojm,HIDEFIELD,,,,,b06q6chKE30,xN8O1GldXk2,,,,,,,
nCDRVSnUiK0,ASSIGN,#{NeoIPC HAP Secondary BSI pathogen 3 may be VRE},expressions/programRules/NeoIPC HAP Secondary BSI pathogen 3 - set VRE/nCDRVSnUiK0.data.dhis2,,,tBpmnNhTHZt,,,,,,,,
nGUskKRQs80,SETMANDATORYFIELD,,,,,hRg4q461ULv,ApLGHjC5unQ,,,,,,,
nHXCjjd8Mnj,ASSIGN,#{NeoIPC BSI Pathogen 2 may be carbapenem-resistant},expressions/programRules/NeoIPC BSI Pathogen 2 - set carbapenem-resistant/nHXCjjd8Mnj.data.dhis2,,,JAaeYdvghP8,,,,,,,,
nJMRooFdrew,HIDEFIELD,,,,,FgabchnussP,w1KkLwqzTtO,,,,,,,
nSM3iyqvOGl,HIDEFIELD,,,,,HdO9xjSHs00,EEW3ftnfLsb,,,,,,,
nUSeExvLsb3,HIDEFIELD,,,,,cnyYkKWdFSV,A3E5ORnXeDq,,,,,,,
nX7Eke9E8KG,HIDEFIELD,,,,,DYC79CwhIs1,YQVGiNDlXSk,,,,,,,
nXkfwkkiZWH,ASSIGN,#{NeoIPC NEC Surgical findings criterion fulfilled},expressions/programRules/NeoIPC NEC Surgical findings criterion fulfilled - assign true/nXkfwkkiZWH.data.dhis2,,,B4jHFueC2Cn,,,,,,,,
nkB4VlEfpCv,ASSIGN,#{NeoIPC NEC Pneumoperitoneum uint value},expressions/programRules/NeoIPC NEC Pneumoperitoneum value - true/nkB4VlEfpCv.data.dhis2,,,gtxIgGD5Y3R,,,,,,,,
nmaWTh7wUXA,HIDESECTION,,,,,bBy2KAwRXCW,,,ACd7OsOs9Cx,,,,,
nq6pajFsTHU,HIDEFIELD,,,,,GSQDOo3jsyJ,XXUaWNIB6fS,,,,,,,
o0BKmzLsKZ2,HIDEFIELD,,,,,G8Wkkn2hKct,gnprl7LFye8,,,,,,,
oCtYTNBSDh6,HIDEFIELD,,,,,rvvnet33GfB,V4cZc41FDMf,,,,,,,
oDejX7JqPrQ,HIDEFIELD,,,,,jhW8xHnD8YD,hZIGItoWMLG,,,,,,,
oDva1PQtJmW,HIDEFIELD,,,,,kPbn68Flmoh,bIMRQhQt4ia,,,,,,,
oGe7jlhyJGn,HIDEFIELD,,,,,r3XnM9rrULQ,lJj9LgTZ9Gg,,,,,,,
oNhE4whKgUS,SETMANDATORYFIELD,,,,,u21Apzix8Yx,bIMRQhQt4ia,,,,,,,
oa5b7dqWQzm,HIDEFIELD,,,,,T0UTnTJYV0h,D6z0jmhQnm5,,,,,,,
ocEhZAtP6by,ASSIGN,#{NeoIPC HAP Pathogen 3 is virus},expressions/programRules/NeoIPC HAP - set virus/ocEhZAtP6by.data.dhis2,,,LZQHeUvyjfJ,,,,,,,,
odKR6nYRF6x,HIDESECTION,,,,,cnyYkKWdFSV,,,lzLFjbrUcbs,,,,,
odP4tqVP96j,HIDEFIELD,,,,,WOM5Ha0jHJX,tIJkwzSh2Jt,,,,,,,
odes5kej9KC,ASSIGN,#{NeoIPC HAP Secondary BSI pathogen 1 may be 3GCR},expressions/programRules/NeoIPC HAP Secondary BSI pathogen 1 - set 3GCR/odes5kej9KC.data.dhis2,,,hhzIJpszpJE,,,,,,,,
oeqQZUekhgM,ASSIGN,#{NeoIPC BSI Pathogen 2 may be colistin-resistant},expressions/programRules/NeoIPC BSI Pathogen 2 - set colistin-resistant/oeqQZUekhgM.data.dhis2,,,rtgGfpUFsvN,,,,,,,,
ollB07QBNqE,ASSIGN,#{NeoIPC NEC Vomiting uint value},expressions/programRules/NeoIPC NEC Vomiting value - true/ollB07QBNqE.data.dhis2,,,erHsTIz7fkO,,,,,,,,
oxnL1WGNbDV,HIDEFIELD,,,,,ZB0sOGoZLln,TGvIcZhfY4h,,,,,,,
pCAJNJGHs5z,SHOWERROR,"For transferred or re-admitted patients an infection is only considered a nosocomial infection if the day of symptom onset is greater than or equal to day 3 of the patient’s  hospital stay, where the day of admission is regarded as day 1. Please see chapter 3.4 of the NeoIPC Surveillance Protocol for the rules.",,,,zCTvQxtGvUp,f22ppOLUE5q,,,,,,,
pGpEE45qhIx,HIDEFIELD,,,,,cwQyLvLkepH,JIR3JNfjMdz,,,,,,,
pLneWAP0CqW,ASSIGN,#{NeoIPC BSI Pathogen 3 may be colistin-resistant},expressions/programRules/NeoIPC BSI Pathogen 3 - set colistin-resistant/pLneWAP0CqW.data.dhis2,,,kfEuSIuyVbm,,,,,,,,
pSoQOZmRarF,HIDEFIELD,,,,,r3XnM9rrULQ,rmBJQ8KTYO5,,,,,,,
pcLASMzDgRQ,HIDEFIELD,,,,,ehrBTKxrBMo,CUlXZ8ETgJB,,,,,,,
pfF59Hahg55,HIDEFIELD,,,,,B97QzdRhGyx,fynZ6sz6Di0,,,,,,,
pfFBIozw7d0,SETMANDATORYFIELD,,,,,F4oUk5f1W8c,GzAudzVNO2H,,,,,,,
ppTMHtz0WbF,ASSIGN,#{NeoIPC HAP Pathogen 3 may be colistin-resistant},expressions/programRules/NeoIPC HAP Pathogen 3 - set colistin-resistant/ppTMHtz0WbF.data.dhis2,,,xn4DrNCcZ1M,,,,,,,,
prr5HUikjWC,ASSIGN,#{NeoIPC BSI Feeding intolerance count},expressions/programRules/NeoIPC BSI Feeding intolerance set count/prr5HUikjWC.data.dhis2,,,uZ76n1VW5ew,,,,,,,,
pv5FaamSoG4,DISPLAYKEYVALUEPAIR,Clinical/laboratory criteria count,expressions/programRules/NeoIPC HAP - display feedback/pv5FaamSoG4.data.dhis2,feedback,,rb0tjhQtZF2,,,,,,,,
pwLuY6gxT3a,SETMANDATORYFIELD,,,,,SSSEmVr17Ue,fpFM0gQg4xc,,,,,,,
pzsArssyjf7,ASSIGN,#{NeoIPC HAP Lower respiratory tract sample positive},expressions/programRules/NeoIPC HAP Lower respiratory tract sample positive - infer false/pzsArssyjf7.data.dhis2,,,rMrwsAXqIKc,,,,,,,,
q38o7P3J5LB,SETMANDATORYFIELD,,,,,Fb2C3H47tZr,hZIGItoWMLG,,,,,,,
q4Suw7N6I3L,HIDEFIELD,,,,,owsPItE6rZm,ibzxt9fBNQc,,,,,,,
q6HKg9AWaM7,ASSIGN,,expressions/programRules/NeoIPC HAP Set Length of Stay/q6HKg9AWaM7.data.dhis2,,,o9o46FMkloW,f22ppOLUE5q,,,,,,,
q6zrN8QVfNG,SETMANDATORYFIELD,,,,,PLYGlpyFglh,XhcAt9NTFuG,,,,,,,
qFk7hrt22mu,SETMANDATORYFIELD,,,,,ZVRBldm9bZM,Oy5f6YFFTdR,,,,,,,
qLUT9JHXQKR,SETMANDATORYFIELD,,,,,zh8uDocFkEU,rp3SK7xGfq9,,,,,,,
qMDfL313ff4,ASSIGN,#{NeoIPC BSI Irritability count},expressions/programRules/NeoIPC BSI Irritability set count/qMDfL313ff4.data.dhis2,,,GGzawr3JNjG,,,,,,,,
qNpR3jmHP6C,SETMANDATORYFIELD,,,,,rg7KBHLD4nR,xOjpebPJiOw,,,,,,,
qZU8QJQdiMp,SHOWWARNING,This infection seems to be an early-onset infection. Are you sure that it is hospital-acquired? Please see chapter 3.4 of the NeoIPC Surveillance Protocol for the rules.,,,,TAB3BsCr9gs,boPV9RWoanT,,,,,,,
qiuIhF2OjsG,SETMANDATORYFIELD,,,,,u4E9E5fjb3U,qlMs9xUMEok,,,,,,,
qxRRwPYZSUc,ASSIGN,#{NeoIPC HAP Secondary BSI pathogen 3 may be carbapenem-resistant},expressions/programRules/NeoIPC HAP Secondary BSI pathogen 3 - set carbapenem-resistant/qxRRwPYZSUc.data.dhis2,,,s3buXNEu5iY,,,,,,,,
qykumjl1N0A,SETMANDATORYFIELD,,,,,Qety1R7oJJw,rmBJQ8KTYO5,,,,,,,
qztIYfeibf2,SETMANDATORYFIELD,,,,,Q5W7LhO8ENp,Aawy9BpDWc2,,,,,,,
r2zNk02zULa,ASSIGN,#{NeoIPC BSI Pathogen 3 may be 3GCR},expressions/programRules/NeoIPC BSI Pathogen 3 - set 3GCR/r2zNk02zULa.data.dhis2,,,ocnxI07zCJO,,,,,,,,
r3UxO0lY4Eo,SETMANDATORYFIELD,,,,,JZ4FCz4d5N0,asaXrcFOqqf,,,,,,,
r8TawDhrLc6,ASSIGN,#{NeoIPC HAP Secondary BSI pathogen 2 may be colistin-resistant},expressions/programRules/NeoIPC HAP Secondary BSI pathogen 2 - set colistin-resistant/r8TawDhrLc6.data.dhis2,,,rYr9FCXyoXD,,,,,,,,
rFXh83mGesO,SETMANDATORYFIELD,,,,,tMOY88wXtbx,WLSUlJPMueQ,,,,,,,
rFY6zAtmHL9,ASSIGN,#{NeoIPC NEC Secondary BSI pathogen 3 may be colistin-resistant},expressions/programRules/NeoIPC NEC Secondary BSI pathogen 3 - set colistin-resistant/rFY6zAtmHL9.data.dhis2,,,BoXESJB68sv,,,,,,,,
rJ8kpWRSZ4n,SHOWERROR,INV days must be less than or equal to patient days,,,,R9okkvIpFMj,mRAdPplmm5a,,,,,,,
rN49oYTude3,HIDEFIELD,,,,,rvvnet33GfB,fynZ6sz6Di0,,,,,,,
rdmQr0OKnRW,ASSIGN,#{NeoIPC HAP Pathogen 3 may be VRE},expressions/programRules/NeoIPC HAP Pathogen 3 - set VRE/rdmQr0OKnRW.data.dhis2,,,nuvekGY8lZb,,,,,,,,
rjSV9rT8m8r,HIDEFIELD,,,,,jhW8xHnD8YD,K23m7eluWi0,,,,,,,
rqEpoHX17nl,HIDEFIELD,,,,,kAg6jLeEsLG,UQX3D0E9ARY,,,,,,,
rrHlLeePINc,ASSIGN,#{NeoIPC SSI Secondary BSI pathogen 2 may be VRE},expressions/programRules/NeoIPC SSI Secondary BSI pathogen 2 - set VRE/rrHlLeePINc.data.dhis2,,,WwfCpawIy80,,,,,,,,
rsVXg1BwVKs,ASSIGN,#{NeoIPC SSI Pathogen 1 may be VRE},expressions/programRules/NeoIPC SSI Pathogen 1 - set VRE/rsVXg1BwVKs.data.dhis2,,,CJ755l47cON,,,,,,,,
ru4PdK8ZLbh,HIDEFIELD,,,,,nfNT3wdLjN2,fK8yWzyLp4I,,,,,,,
s2yDPdCUv22,HIDEFIELD,,,,,kPbn68Flmoh,OawTDq2eiv0,,,,,,,
s9MWNUVZTT5,HIDESECTION,,,,,bBy2KAwRXCW,,,UD4BKztJGem,,,,,
sA2ESyDnBHS,HIDEFIELD,,,,,raKaKdTj4xa,GIQw0w15XbC,,,,,,,
sCPBl5y3Qhg,SETMANDATORYFIELD,,,,,us5YzdCl9Xh,WStwnGV1si8,,,,,,,
sJi6ob9IZS6,SETMANDATORYFIELD,,,,,O6UviDufeSU,ydy9VLkNavJ,,,,,,,
sQvTuBrveqZ,SETMANDATORYFIELD,,,,,jBQc1oNlhHZ,,qLGOhTzMVyY,,,,,,
sYuIf0OoC8F,HIDEFIELD,,,,,BbGPA8UMy84,xN8O1GldXk2,,,,,,,
sdK1uB2xUuw,HIDEFIELD,,,,,kPbn68Flmoh,wlGi1qr9xYX,,,,,,,
seOrfBQMuiv,ASSIGN,#{NeoIPC SSI Secondary BSI pathogen 3 may be VRE},expressions/programRules/NeoIPC SSI Secondary BSI pathogen 3 - set VRE/seOrfBQMuiv.data.dhis2,,,N5NlXu6c1Le,,,,,,,,
shMVVJFtS1U,HIDEFIELD,,,,,x7TS4bkGYCO,D8AJuofgF06,,,,,,,
sl2w7Szd2j0,HIDEFIELD,,,,,b06q6chKE30,qlMs9xUMEok,,,,,,,
smGZenvEq8C,HIDEFIELD,,,,,gcdRTVYe40o,WLSUlJPMueQ,,,,,,,
srnb3KkAIaP,HIDEFIELD,,,,,cwQyLvLkepH,wexW0dYfxQ7,,,,,,,
svrvIZ56nHl,HIDEFIELD,,,,,VNkKNmjMHYG,lWflhXvq2ky,,,,,,,
swSgyFAtXUT,SETMANDATORYFIELD,,,,,pFN6IkiamMF,,ZbL9VmLRB6D,,,,,,
sxlnEV91oSL,HIDEFIELD,,,,,FjpPZNZv3dx,o63deLmVeUI,,,,,,,
t7GmHe7VQmB,HIDEFIELD,,,,,cwQyLvLkepH,TheHLmezGMF,,,,,,,
tAqIhb7BQhm,SETMANDATORYFIELD,,,,,VPlFKpmrkPQ,UDhuURrXmmX,,,,,,,
tBVDMFFmRRG,HIDEFIELD,,,,,ifW1EEEQz9u,v8zVGK2XmtI,,,,,,,
tC8AXMOqAAM,HIDEFIELD,,,,,ehrBTKxrBMo,TXKgizEyv6g,,,,,,,
tFSJb7flX8O,HIDEFIELD,,,,,DYC79CwhIs1,UQX3D0E9ARY,,,,,,,
tJaNWTcaj2O,SETMANDATORYFIELD,,,,,soKejoHmhsN,rvq4L9wWbwW,,,,,,,
tLXl6ttuZuz,ASSIGN,#{NeoIPC SSI Pathogen 3 may be carbapenem-resistant},expressions/programRules/NeoIPC SSI Pathogen 3 - set carbapenem-resistant/tLXl6ttuZuz.data.dhis2,,,oQ2rfvXulE3,,,,,,,,
tMxFvJkHn7Y,HIDEFIELD,,,,,rvvnet33GfB,cyCczC5xzaB,,,,,,,
tUH2r6ADbwg,HIDEFIELD,,,,,fze8VTDQmuV,Rm78R5c3pSg,,,,,,,
tVl4JAbiugl,HIDEFIELD,,,,,usvbjFQ7v6G,cyCczC5xzaB,,,,,,,
tYStPZ2uBsa,SHOWWARNING,This infection seems to be an early-onset infection. Are you sure that it is hospital-acquired? Please see chapter 3.4 of the NeoIPC Surveillance Protocol for the rules.,,,,e90HTaEpv0g,Ct7gBVqwScW,,,,,,,
tZmUQUwoELd,HIDEFIELD,,,,,m430EPSDzcP,QSJW6kNk6pg,,,,,,,
tbSA0hG0XFE,SENDMESSAGE,,,,MA1jRHX31AG,wkyknn44Pla,,,,,,,,
tduudnf1t5m,HIDEFIELD,,,,,Vr32T79ujlw,l9AarKAD8qi,,,,,,,
tfsyVcVNGlz,HIDEFIELD,,,,,yPT8cPCdhdG,qlMs9xUMEok,,,,,,,
th3HQuOvf3S,ASSIGN,#{NeoIPC BSI Acidosis count},expressions/programRules/NeoIPC BSI Acidosis set count/th3HQuOvf3S.data.dhis2,,,sMHTL9hGVxZ,,,,,,,,
tvAshRduwIf,HIDESECTION,,,,,kkDGNkYQe9t,,,Tf10VHJgyZR,,,,,
twdpMdvN3I3,DISPLAYKEYVALUEPAIR,Surgical/pathological findings count,expressions/programRules/NeoIPC NEC - display feedback/twdpMdvN3I3.data.dhis2,feedback,,KSOwPDUcO26,,,,,,,,
tx6NNqrc5Qv,SETMANDATORYFIELD,,,,,D6Nb2BGK7V8,VJwXpWNnhfK,,,,,,,
tzKS3QCz50k,HIDEFIELD,,,,,BOxJinE4foO,OawTDq2eiv0,,,,,,,
uJSeNI91tQE,HIDEFIELD,,,,,ZB0sOGoZLln,mwbe730vMBu,,,,,,,
uScqOLkh94G,ASSIGN,#{NeoIPC BSI Pathogen 3 may be VRE},expressions/programRules/NeoIPC BSI Pathogen 3 - set VRE/uScqOLkh94G.data.dhis2,,,ZrxvOCdJfJx,,,,,,,,
uVgAEWEvPCI,HIDEFIELD,,,,,MubPJEOQrH1,IhFtEkm3sE1,,,,,,,
ufF1oEkaAVV,HIDESECTION,,,,,LLKgG1MzPPx,,,VuAIMPIHrWE,,,,,
uyVUyl7GGgX,HIDEFIELD,,,,,jhW8xHnD8YD,lJj9LgTZ9Gg,,,,,,,
v2oX5xSko82,HIDEFIELD,,,,,VNkKNmjMHYG,JIR3JNfjMdz,,,,,,,
vAU4e6Uzlcl,HIDEFIELD,,,,,W6nPGmxpWxV,hsF5jqkXCKW,,,,,,,
vLEhaFwxCqA,HIDEFIELD,,,,,cnyYkKWdFSV,ka6PN3C7sqr,,,,,,,
vLKxmwjyxXb,ASSIGN,#{NeoIPC BSI Apnoea count},expressions/programRules/NeoIPC BSI Apnoea set count/vLKxmwjyxXb.data.dhis2,,,J3XyS3QFeQ1,,,,,,,,
vNJE8Z1bbjP,SETMANDATORYFIELD,,,,,kgIfegimnRn,aHdse5vKla6,,,,,,,
vQ3weS2Oj5T,HIDEFIELD,,,,,cnyYkKWdFSV,ApLGHjC5unQ,,,,,,,
vcn5NXLRuZQ,ASSIGN,#{NeoIPC NEC Clinical findings total count},expressions/programRules/NeoIPC NEC - assign finding counts/vcn5NXLRuZQ.data.dhis2,,,D47EyNbJ8pQ,,,,,,,,
veaBzbEaShf,HIDEFIELD,,,,,uitFTLJmYup,xOjpebPJiOw,,,,,,,
vkZXpuOUOAH,ASSIGN,#{NeoIPC HAP Pathogen 3 may be 3GCR},expressions/programRules/NeoIPC HAP Pathogen 3 - set 3GCR/vkZXpuOUOAH.data.dhis2,,,weRmJjEvVco,,,,,,,,
vkpzQvSDjig,ASSIGN,#{NeoIPC Patient Total gestation days},expressions/programRules/NeoIPC Patient Assign total gestation days/vkpzQvSDjig.data.dhis2,,,kpQAPAm1z1n,,,,,,,,
vl23zm8u94w,SETMANDATORYFIELD,,,,,OtRPbdApBnf,ObnEVllso6d,,,,,,,
vm1V3lJYdeJ,SETMANDATORYFIELD,,,,,rUlzyNIGgjc,TeH2t8tpUec,,,,,,,
voTW4UwMChL,HIDEFIELD,,,,,YnaiuRTnbbv,qIJDIzrltAF,,,,,,,
vqEvoWWlcy4,HIDEFIELD,,,,,nfNT3wdLjN2,OawTDq2eiv0,,,,,,,
vyIgf2Qnhhj,HIDEFIELD,,,,,cy8cxVKk8W5,Oy5f6YFFTdR,,,,,,,
vzwZ8JFHnLd,HIDEFIELD,,,,,hwszsk44hZ3,bKcuBeH9kER,,,,,,,
w09qgjgKeiO,SETMANDATORYFIELD,,,,,s218syWWBkl,b8MqWU4ekHD,,,,,,,
w1apQG9YKhG,HIDEFIELD,,,,,jhW8xHnD8YD,Le2Q2CCPZAQ,,,,,,,
wBLofgMgBg0,HIDEFIELD,,,,,ehrBTKxrBMo,G7uFGI11Bdr,,,,,,,
wHi0Eb7k9Rm,HIDEFIELD,,,,,cnyYkKWdFSV,fpFM0gQg4xc,,,,,,,
wJIDyQITVrk,SHOWERROR,NIV days must be less than or equal to patient days,,,,OleZ8ZztQBQ,nHIk8qJetwF,,,,,,,
wJU8SbJsuyu,SETMANDATORYFIELD,,,,,R66wKJMO2KV,,ZbL9VmLRB6D,,,,,,
wNJTxXIs7Sb,HIDEFIELD,,,,,xyddQ38yHkO,lWflhXvq2ky,,,,,,,
wRmfnQUcVdH,HIDEFIELD,,,,,egDi9tkKomo,tmLmPAMJ2XB,,,,,,,
wU6JEFRBaRD,ASSIGN,#{NeoIPC HAP Pathogen 2 may be MRSA},expressions/programRules/NeoIPC HAP Pathogen 2 - set MRSA/wU6JEFRBaRD.data.dhis2,,,v1QqdolLbNK,,,,,,,,
wcqntsMWfcd,ASSIGN,#{NeoIPC NEC Secondary BSI pathogen 2 may be MRSA},expressions/programRules/NeoIPC NEC Secondary BSI pathogen 2 - set MRSA/wcqntsMWfcd.data.dhis2,,,JX5EIPrvFEX,,,,,,,,
wfgUValIVtL,HIDEFIELD,,,,,ehrBTKxrBMo,N36tBx8ZMt6,,,,,,,
wlprf2ToE0R,ASSIGN,,expressions/programRules/NeoIPC Patient Assign total gestation days/wlprf2ToE0R.data.dhis2,,,kpQAPAm1z1n,,Qyu9KOWyazL,,,,,,
wuU7X2klB8Q,HIDEFIELD,,,,,ZB0sOGoZLln,CUlXZ8ETgJB,,,,,,,
x06e8uF9bvm,HIDEFIELD,,,,,uitFTLJmYup,C6vqhkpgeWV,,,,,,,
x8Zjy1rBA65,ASSIGN,#{NeoIPC HAP Tachypnoea uint value},expressions/programRules/NeoIPC HAP Tachypnoea value - true/x8Zjy1rBA65.data.dhis2,,,G9jyHDcj7aX,,,,,,,,
x8wOUtm3f3y,SETMANDATORYFIELD,,,,,bFlA2sg4qax,H6l5ZyB8EHo,,,,,,,
x95z5nmX7MB,SETMANDATORYFIELD,,,,,Q6YzF7poBht,UlbATrOcR61,,,,,,,
xALTxL5TX7d,HIDEFIELD,,,,,cnyYkKWdFSV,tIJkwzSh2Jt,,,,,,,
xATHIAxs2xT,HIDEFIELD,,,,,raKaKdTj4xa,NZqoT6ZGuX2,,,,,,,
xAvtYWU7ahA,SETMANDATORYFIELD,,,,,wG75GvkuFjK,pO5IgMyNjGA,,,,,,,
xIahBaeARNO,ASSIGN,#{NeoIPC HAP Clinical criteria fulfilled},expressions/programRules/NeoIPC HAP Clinical criteria fulfilled - assign true/xIahBaeARNO.data.dhis2,,,UcZUM0TOJ8r,,,,,,,,
xIrTJaOVNEl,HIDESECTION,,,,,LLKgG1MzPPx,,,UD4BKztJGem,,,,,
xIxsIs9vFvk,ERRORONCOMPLETE,"The definition for LCBSI caused by common commensals is not met. ",expressions/programRules/NeoIPC BSI LCBSI with common commensal detected multiple times or with AB-treatment _= 5 days validation rule/xIxsIs9vFvk.data.dhis2,,,sumEmGo0q2x,,,,,,,,
xKGQITkcIZh,SETMANDATORYFIELD,,,,,wbiLMYsmJbr,u0tZWVB3f3y,,,,,,,
xLeIRYBJDVw,HIDEFIELD,,,,,b06q6chKE30,ZE5CrBaKy3f,,,,,,,
xPtCtb4eTdC,ASSIGN,#{NeoIPC NEC Secondary BSI pathogen 1 may be VRE},expressions/programRules/NeoIPC NEC Secondary BSI pathogen 1 - set VRE/xPtCtb4eTdC.data.dhis2,,,TTPoqVaGFvL,,,,,,,,
xQK9rXF8wSM,SETMANDATORYFIELD,,,,,hvjwi9ZG6cw,tIJkwzSh2Jt,,,,,,,
xQOd7XmhVCn,ASSIGN,#{NeoIPC BSI Pathogen 1 may be 3GCR},expressions/programRules/NeoIPC BSI Pathogen 1 - set 3GCR/xQOd7XmhVCn.data.dhis2,,,AVdbfkIJJKU,,,,,,,,
xR17imbJ90C,SETMANDATORYFIELD,,,,,ZdMxCZAfKVI,lJj9LgTZ9Gg,,,,,,,
xTgUAtFCDeS,HIDEFIELD,,,,,VnMXxK8ZVmj,ObnEVllso6d,,,,,,,
xTtOqWHeqXZ,HIDEFIELD,,,,,jp3CTx65VQR,CUlXZ8ETgJB,,,,,,,
xVxybge4SVu,HIDEFIELD,,,,,kPbn68Flmoh,UptqkgrbXy6,,,,,,,
xbXHN0i8DAP,SETMANDATORYFIELD,,,,,KjmEgb9ACSU,gHkAMS4qCJV,,,,,,,
xf88zSX76Gn,ASSIGN,#{NeoIPC SSI Secondary BSI pathogen 2 may be 3GCR},expressions/programRules/NeoIPC SSI Secondary BSI pathogen 2 - set 3GCR/xf88zSX76Gn.data.dhis2,,,okLuT9NpWIs,,,,,,,,
xjfHxdHRWtU,HIDEFIELD,,,,,Vr32T79ujlw,EEW3ftnfLsb,,,,,,,
xmpzg3wW4Uj,SETMANDATORYFIELD,,,,,g3bXTkA8DFz,HztFtyHuX7f,,,,,,,
xp6NLPTOBYV,SETMANDATORYFIELD,,,,,JkF5XwSEc3u,l9AarKAD8qi,,,,,,,
xqwFwesUADw,HIDEFIELD,,,,,hwszsk44hZ3,sOb9CDCoAif,,,,,,,
y8iDbyUY1Pl,SETMANDATORYFIELD,,,,,cTpLvQ5ryvX,qVSSgJGFF4D,,,,,,,
yECZMZvJzKm,HIDEFIELD,,,,,tKAFqdYOCgG,,RWgBBhSiu5U,,,,,,
yEgBxmlczG8,HIDEFIELD,,,,,lxiwEhXExyX,XifsJyPuYfi,,,,,,,
yMTehPQzjJZ,DISPLAYKEYVALUEPAIR,Imaging and clinical findings criterion fulfilled,expressions/programRules/NeoIPC NEC - display feedback/yMTehPQzjJZ.data.dhis2,feedback,,KSOwPDUcO26,,,,,,,,
yMUkmWRLhz2,ASSIGN,#{NeoIPC HAP Increased respiratory secretion uint value},expressions/programRules/NeoIPC HAP Increased respiratory secretion value - true/yMUkmWRLhz2.data.dhis2,,,CynFTUls1wk,,,,,,,,
yNrTNPzvyhZ,DISPLAYKEYVALUEPAIR,Imaging findings criterion fulfilled,expressions/programRules/NeoIPC HAP - display feedback/yNrTNPzvyhZ.data.dhis2,feedback,,rb0tjhQtZF2,,,,,,,,
yQfcwfAYgw9,HIDEFIELD,,,,,uoAfLEGhdP2,TeH2t8tpUec,,,,,,,
ySzrqrusQbO,ASSIGN,#{NeoIPC HAP Secondary BSI pathogen 2 may be carbapenem-resistant},expressions/programRules/NeoIPC HAP Secondary BSI pathogen 2 - set carbapenem-resistant/ySzrqrusQbO.data.dhis2,,,DeXSCLlX9gR,,,,,,,,
yUCf8RXGqtb,HIDEFIELD,,,,,h06zIQOsUjZ,YdP1whGQD3c,,,,,,,
ybQVjyvShwC,SENDMESSAGE,,,,pELBNBPjaGQ,olawHScR3Vu,,,,,,,,
yivy8vCeB5a,SETMANDATORYFIELD,,,,,L7ep9hVY8q8,C6vqhkpgeWV,,,,,,,
ymatvIz0xea,ASSIGN,#{NeoIPC SSI Secondary BSI pathogen 1 may be VRE},expressions/programRules/NeoIPC SSI Secondary BSI pathogen 1 - set VRE/ymatvIz0xea.data.dhis2,,,yUupGXbIUc4,,,,,,,,
yv2dtzKM44V,HIDEFIELD,,,,,uitFTLJmYup,YN4JnSouiXn,,,,,,,
z1LSlhvgXbt,ASSIGN,#{NeoIPC HAP Imaging criterion fulfilled},expressions/programRules/NeoIPC HAP Imaging findings criterion fulfilled - assign true/z1LSlhvgXbt.data.dhis2,,,yzZoVDcOape,,,,,,,,
z1hSeMmEZm6,HIDEFIELD,,,,,cnyYkKWdFSV,jlRAgmCOuTI,,,,,,,
z244JJN0afF,ASSIGN,#{NeoIPC NEC Blood in stool uint value},expressions/programRules/NeoIPC NEC Blood in stool value - true/z244JJN0afF.data.dhis2,,,PVk6NdQ3cc0,,,,,,,,
z5SONeVHcaO,HIDEFIELD,,,,,b06q6chKE30,sVjCgMgfnKQ,,,,,,,
z7f7aVY2BMi,HIDEFIELD,,,,,cwQyLvLkepH,ka6PN3C7sqr,,,,,,,
zAUu5qpj1F7,SETMANDATORYFIELD,,,,,xU5AXNSGk7r,N36tBx8ZMt6,,,,,,,
zFmnA5ivlHJ,HIDEFIELD,,,,,raKaKdTj4xa,fJ7RYtpawpg,,,,,,,
zG3nOUkmAWH,HIDEFIELD,,,,,r3XnM9rrULQ,VJwXpWNnhfK,,,,,,,
zH8RGpBF1lp,ASSIGN,#{NeoIPC NEC Extensive bowel necrosis uint value},expressions/programRules/NeoIPC NEC Extensive bowel necrosis value - true/zH8RGpBF1lp.data.dhis2,,,Z7gxtGRNBwJ,,,,,,,,
za2qum2qIXn,SETMANDATORYFIELD,,,,,zIBMQYTTLMa,Le2Q2CCPZAQ,,,,,,,
zdyDjhCKqG6,SETMANDATORYFIELD,,,,,Cn66YR1lkeh,cyCczC5xzaB,,,,,,,
zj7tMXVLa1J,HIDEFIELD,,,,,rvvnet33GfB,wfe6ZTkZ3Co,,,,,,,
zjRbpmI3kP6,HIDESECTION,,,,,PLYGlpyFglh,,,VuAIMPIHrWE,,,,,
zlY0clPbaNQ,ASSIGN,#{NeoIPC SSI Pathogen 1 may be MRSA},expressions/programRules/NeoIPC SSI Pathogen 1 - set MRSA/zlY0clPbaNQ.data.dhis2,,,oL9OcdE1yJb,,,,,,,,
zohOb4LVWRY,HIDEFIELD,,,,,Vr32T79ujlw,XXUaWNIB6fS,,,,,,,
zymb9KfUUyl,ASSIGN,#{NeoIPC NEC Secondary BSI pathogen 3 may be carbapenem-resistant},expressions/programRules/NeoIPC NEC Secondary BSI pathogen 3 - set carbapenem-resistant/zymb9KfUUyl.data.dhis2,,,WFe5AdOdVi3,,,,,,,,
cN9UvYEbpdy,ASSIGN,#{NeoIPC HAP IT ratio uint value},expressions/programRules/NeoIPC HAP IT ratio value - true/cN9UvYEbpdy.data.dhis2,,,KaUyBtMlag2,,,,,,,,
